dataset,model,esa_mean,polar_consistency_mean,contradiction_idx_mean,n_layers
mixed,gemma-2-2b,0.5821256038647343,0.2163167278523798,0.4491112706837831,27
mixed,gemma-2-2b-it,0.579549114331723,0.1279365385158194,0.4383163098935728,27
mixed,gemma-2-9b,0.5925176946410516,0.2098621694847595,0.4372583835623985,43
mixed,gemma-2-9b-it,0.60788675429727,0.14484589217707164,0.42226383644481036,43
mixed,deberta-hate-tuned,0.5252173913043477,0.03305691026151178,0.39036700963973997,25
not,gemma-2-2b,0.5312213039485766,0.14874570471821005,0.31934109385366793,27
not,gemma-2-2b-it,0.5558616467707376,0.11530183821364683,0.38101563409522726,27
not,gemma-2-9b,0.5496828752642705,0.18965372399881825,0.3588811561118725,43
not,gemma-2-9b-it,0.5708245243128964,0.08166938697442755,0.36354974847893384,43
not,deberta-hate-tuned,0.532892561983471,0.025475895429262863,0.387924542427063,25
