model_group,dataset,model,depth_group,esa,ci,pc,n_layers,first_layer,last_layer
big,mixed,gemma-2-9b,Early,0.5632411067193677,0.4754234660755504,0.26263875175606116,11,0,10
big,mixed,gemma-2-9b,Middle-early,0.6189723320158103,0.38439124009825965,0.2473178925839337,11,11,21
big,mixed,gemma-2-9b,Middle-late,0.5865217391304347,0.4154436618089676,0.14496251940727228,10,22,31
big,mixed,gemma-2-9b,Late,0.6007905138339921,0.47179200974377716,0.17862954600290815,11,32,42
big,mixed,gemma-2-9b-it,Early,0.5699604743083003,0.46385023539716547,0.24694372307170517,11,0,10
big,mixed,gemma-2-9b-it,Middle-early,0.633596837944664,0.3740298016504808,0.2115541025996208,11,11,21
big,mixed,gemma-2-9b-it,Middle-late,0.621304347826087,0.39741915166378017,0.04836707524955268,10,22,31
big,mixed,gemma-2-9b-it,Late,0.607905138339921,0.45149754936044867,0.06374786624854258,11,32,42
big,not,gemma-2-9b,Early,0.5210368144252442,0.42794527926228265,0.23362273350358007,11,0,10
big,not,gemma-2-9b,Middle-early,0.5353117956423742,0.1609263718128204,0.10213492472063407,11,11,21
big,not,gemma-2-9b,Middle-late,0.55,0.2927333608269691,0.15252909436821932,10,22,31
big,not,gemma-2-9b,Late,0.5924117205108941,0.5479061766104265,0.2669531770727851,11,32,42
big,not,gemma-2-9b-it,Early,0.5664913598797896,0.39078893580219964,0.18103242699395522,11,0,10
big,not,gemma-2-9b-it,Middle-early,0.5432006010518408,0.18937923149629068,0.07652563330802047,11,11,21
big,not,gemma-2-9b-it,Middle-late,0.5847107438016529,0.4285550802946091,0.028393893595784852,10,22,31
big,not,gemma-2-9b-it,Late,0.5901577761081893,0.45138532194224273,0.03588236732916394,11,32,42
small,mixed,deberta-hate-tuned,Early,0.5142857142857142,0.37373115760939457,0.010233618684911327,7,0,6
small,mixed,deberta-hate-tuned,Middle-early,0.5173913043478261,0.3991648058096568,0.03706217916139087,6,7,12
small,mixed,deberta-hate-tuned,Middle-late,0.532608695652174,0.3624499887228012,0.012940076509645784,6,13,18
small,mixed,deberta-hate-tuned,Late,0.5384057971014493,0.4288947284221649,0.07579564861953253,6,19,24
small,mixed,gemma-2-2b,Early,0.5335403726708075,0.49972304701805115,0.19737753165619712,7,0,6
small,mixed,gemma-2-2b,Middle-early,0.6118012422360248,0.3686283656529018,0.21753447183540886,7,7,13
small,mixed,gemma-2-2b,Middle-late,0.5949275362318841,0.415500948826472,0.2130135968327522,6,14,19
small,mixed,gemma-2-2b,Late,0.5900621118012422,0.507791246686663,0.23686943522521423,7,20,26
small,mixed,gemma-2-2b-it,Early,0.5298136645962732,0.4896229462964194,0.20830541742699488,7,0,6
small,mixed,gemma-2-2b-it,Middle-early,0.6142857142857142,0.37002631596156527,0.2038236781954765,7,7,13
small,mixed,gemma-2-2b-it,Middle-late,0.5971014492753624,0.4504021356503169,0.04441829646627104,6,14,19
small,mixed,gemma-2-2b-it,Late,0.5795031055900621,0.4449403882026672,0.04326758453888546,7,20,26
small,not,deberta-hate-tuned,Early,0.5177095631641085,0.3794422319957188,0.0004364466211492571,7,0,6
small,not,deberta-hate-tuned,Middle-early,0.5144628099173554,0.3832232604424159,0.0194091345183551,6,7,12
small,not,deberta-hate-tuned,Middle-late,0.5447658402203857,0.3528252591689427,0.00614860944430495,6,13,18
small,not,deberta-hate-tuned,Late,0.5571625344352616,0.4376211365063985,0.0800826326012611,6,19,24
small,not,gemma-2-2b,Early,0.5212514757969303,0.4938373235719545,0.2356362332190786,7,0,6
small,not,gemma-2-2b,Middle-early,0.5295159386068476,0.16022313599075585,0.1010718787355082,7,7,13
small,not,gemma-2-2b,Middle-late,0.5323691460055097,0.18464453270037964,0.06081382557749745,6,14,19
small,not,gemma-2-2b,Late,0.5419126328217237,0.4194170172725405,0.18489918432065416,7,20,26
small,not,gemma-2-2b-it,Early,0.5106257378984652,0.4901908040046692,0.2292464311633791,7,0,6
small,not,gemma-2-2b-it,Middle-early,0.5301062573789846,0.13581472209521697,0.07023824165974338,7,7,13
small,not,gemma-2-2b-it,Middle-late,0.5943526170798898,0.437995508313179,0.07116822525858875,6,14,19
small,not,gemma-2-2b-it,Late,0.5938606847697756,0.4682014839989798,0.08424965292215343,7,20,26
