model_group,dataset,depth_group,esa,ci,pc,n_models,n_layers
big,mixed,Early,0.625958378970427,0.46963685073635797,0.25479123741388315,2,22
big,mixed,Middle-early,0.7031763417305585,0.37921052087437024,0.22943599759177724,2,22
big,mixed,Middle-late,0.9026104417670683,0.4064314067363739,0.09666479732841249,2,20
big,mixed,Late,0.9282584884994524,0.4616447795521129,0.12118870612572535,2,22
big,not,Early,0.5669090909090909,0.40936710753224115,0.20732758024876763,2,22
big,not,Middle-early,0.5672727272727274,0.17515280165455555,0.08933027901432727,2,22
big,not,Middle-late,0.773,0.3606442205607891,0.09046149398200208,2,20
big,not,Late,0.8383636363636364,0.49964574927633465,0.15141777220097452,2,22
small,mixed,Early,0.5957161981258366,0.45435905030795504,0.13863885592270112,3,21
small,mixed,Middle-early,0.642793395805444,0.37927316247470794,0.15280677639742543,3,20
small,mixed,Middle-late,0.7927264614011603,0.4094510243998634,0.090123989936223,3,18
small,mixed,Late,0.8982597054886211,0.4605421211038317,0.11864422279454408,3,20
small,not,Early,0.5485714285714286,0.4544901198574475,0.15510637033453564,3,21
small,not,Middle-early,0.5316507936507937,0.22642037284279626,0.06357308497120223,3,20
small,not,Middle-late,0.7111111111111111,0.32515510006083376,0.04604355342679706,3,18
small,not,Late,0.7939047619047619,0.4417465459259729,0.11641048994802289,3,20
