layer,ccs_loss,orientation_flipped,train_accuracy_raw,train_accuracy_flipped,train_orientation_accuracy,accuracy,silhouette,latent_vs_true,behavioral_vs_true,latent_vs_behavioral,polar_consistency_↓,abs_agreement_score,contradiction_idx_↓,pa_pair_count,model
0,0.199999988079071,False,0.5095477386934674,0.5095477386934674,0.5095477386934674,0.5381526104417671,0.0,0.4618473895582329,0.5341365461847389,0.0200803212851405,0.0,0.0,0.3200364112854004,115,gemma-2-2b
1,0.0708369240164756,False,0.6060301507537689,0.3939698492462311,0.6060301507537689,0.5943775100401606,0.3270559012889862,0.5943775100401606,0.5341365461847389,0.6265060240963856,0.100098468363285,0.1168901622295379,0.4970138072967529,115,gemma-2-2b
2,0.0368476659059524,True,0.3527638190954774,0.6472361809045226,0.6472361809045226,0.5983935742971888,0.1814174950122833,0.5983935742971888,0.5341365461847389,0.5742971887550201,0.2149340957403183,0.2639427781105041,0.5524166226387024,115,gemma-2-2b
3,0.0207531210035085,True,0.3688442211055276,0.6311557788944724,0.6311557788944724,0.6305220883534137,0.219529926776886,0.6305220883534136,0.5341365461847389,0.5903614457831325,0.3433137834072113,0.2930284738540649,0.579796552658081,115,gemma-2-2b
4,0.0217626858502626,False,0.6592964824120603,0.3407035175879397,0.6592964824120603,0.6546184738955824,0.2665716707706451,0.6546184738955824,0.5341365461847389,0.5903614457831325,0.2637172043323517,0.4192641973495483,0.5837931036949158,115,gemma-2-2b
5,0.0199216194450855,False,0.6462311557788945,0.3537688442211055,0.6462311557788945,0.642570281124498,0.2614221572875976,0.642570281124498,0.5341365461847389,0.5863453815261044,0.2738471925258636,0.4951234459877014,0.5882453322410583,115,gemma-2-2b
6,0.0046622743830084,False,0.6633165829145728,0.3366834170854271,0.6633165829145728,0.6666666666666666,0.3275297284126282,0.6666666666666666,0.5341365461847389,0.642570281124498,0.1857319772243499,0.0548359751701355,0.3767594993114471,115,gemma-2-2b
7,0.0053719393908977,False,0.6663316582914572,0.3336683417085427,0.6663316582914572,0.6706827309236948,0.36419478058815,0.6706827309236948,0.5341365461847389,0.6465863453815262,0.1987932920455932,0.0673764199018478,0.3650922775268554,115,gemma-2-2b
8,0.004185102880001,True,0.3396984924623115,0.6603015075376885,0.6603015075376885,0.6586345381526104,0.4569839239120483,0.6586345381526104,0.5341365461847389,0.6506024096385542,0.2122906744480133,0.0553335174918174,0.3588186800479889,115,gemma-2-2b
9,0.0034529785625636,True,0.3366834170854271,0.6633165829145728,0.6633165829145728,0.6706827309236948,0.4277088344097137,0.6706827309236948,0.5341365461847389,0.6385542168674698,0.2108630537986755,0.0819171890616417,0.3728500008583069,115,gemma-2-2b
10,0.0033103981986641,True,0.3306532663316583,0.6693467336683417,0.6693467336683417,0.6746987951807228,0.3866038620471954,0.6746987951807228,0.5341365461847389,0.6265060240963856,0.2267393320798874,0.0819817185401916,0.3633645176887512,115,gemma-2-2b
11,0.0034186700358986,False,0.6663316582914572,0.3336683417085427,0.6663316582914572,0.6706827309236948,0.3875638544559479,0.6706827309236948,0.5341365461847389,0.6305220883534136,0.1990552097558975,0.0768835619091987,0.3657302260398865,115,gemma-2-2b
12,0.003257742151618,False,0.6653266331658292,0.3346733668341708,0.6653266331658292,0.6746987951807228,0.3481091260910034,0.6746987951807228,0.5341365461847389,0.6345381526104418,0.2314395010471344,0.0943221598863601,0.3747800290584564,115,gemma-2-2b
13,0.0033919671550393,True,0.3346733668341708,0.6653266331658292,0.6653266331658292,0.6746987951807228,0.3129619061946869,0.6746987951807228,0.5341365461847389,0.6265060240963856,0.2435602396726608,0.097503662109375,0.3797628283500671,115,gemma-2-2b
14,0.0036987492348998,False,0.6673366834170854,0.3326633165829146,0.6673366834170854,0.6827309236947792,0.3091073334217071,0.6827309236947792,0.5341365461847389,0.6184738955823293,0.2243263572454452,0.0740092992782592,0.3558956384658813,115,gemma-2-2b
15,0.0040462431497871,True,0.3246231155778894,0.6753768844221105,0.6753768844221105,0.6706827309236948,0.2891979217529297,0.6706827309236948,0.5341365461847389,0.6224899598393574,0.2340905964374542,0.079235702753067,0.3551048636436462,115,gemma-2-2b
16,0.0046062055043876,True,0.3246231155778894,0.6753768844221105,0.6753768844221105,0.6746987951807228,0.2511488497257232,0.6746987951807228,0.5341365461847389,0.6184738955823293,0.2065749615430832,0.0863001719117164,0.3509982228279114,115,gemma-2-2b
17,0.0050015631131827,False,0.8894472361809045,0.1105527638190954,0.8894472361809045,0.8835341365461847,0.1985592991113662,0.8835341365461847,0.5341365461847389,0.5060240963855421,0.2289879620075225,0.2181164920330047,0.4702319800853729,115,gemma-2-2b
18,0.0050208279862999,True,0.1155778894472361,0.8844221105527639,0.8844221105527639,0.8714859437751004,0.1902018189430236,0.8714859437751004,0.5341365461847389,0.5020080321285141,0.1817088723182678,0.200589895248413,0.4936921894550323,115,gemma-2-2b
19,0.0055561447516083,False,0.8824120603015075,0.1175879396984924,0.8824120603015075,0.8714859437751004,0.1880090236663818,0.8714859437751004,0.5341365461847389,0.5020080321285141,0.2023928314447403,0.1978746205568313,0.4670827984809875,115,gemma-2-2b
20,0.0058236559852957,True,0.1175879396984924,0.8824120603015075,0.8824120603015075,0.8755020080321285,0.2022489160299301,0.8755020080321285,0.5341365461847389,0.5060240963855421,0.1875773072242736,0.1897567957639694,0.4943056404590606,115,gemma-2-2b
21,0.0059313676320016,False,0.8844221105527639,0.1155778894472361,0.8844221105527639,0.8875502008032129,0.1818132251501083,0.8875502008032129,0.5341365461847389,0.4939759036144578,0.237427607178688,0.2251919507980346,0.4976789057254791,115,gemma-2-2b
22,0.0068602147512137,True,0.1155778894472361,0.8844221105527639,0.8844221105527639,0.8755020080321285,0.1908650547266006,0.8755020080321285,0.5341365461847389,0.4899598393574297,0.2099013924598693,0.2049658745527267,0.5065648555755615,115,gemma-2-2b
23,0.0066417641937732,False,0.8773869346733668,0.1226130653266331,0.8773869346733668,0.8594377510040161,0.186097577214241,0.8594377510040161,0.5341365461847389,0.5060240963855421,0.2695330679416656,0.2152080088853836,0.4682732820510864,115,gemma-2-2b
24,0.0062049683183431,True,0.1185929648241206,0.8814070351758794,0.8814070351758794,0.8714859437751004,0.1842866539955139,0.8714859437751004,0.5341365461847389,0.5020080321285141,0.2123658508062362,0.2159260362386703,0.5232514142990112,115,gemma-2-2b
25,0.0059370277449488,False,0.8763819095477386,0.1236180904522613,0.8763819095477386,0.8433734939759037,0.1843378394842147,0.8433734939759037,0.5341365461847389,0.4819277108433735,0.2925799787044525,0.2895989716053009,0.5173115134239197,115,gemma-2-2b
26,0.0074489079415798,True,0.121608040201005,0.878391959798995,0.878391959798995,0.8634538152610441,0.1930890381336212,0.8634538152610441,0.5341365461847389,0.5020080321285141,0.2487008422613144,0.2703327536582947,0.547153115272522,115,gemma-2-2b
0,0.199999988079071,False,0.5095477386934674,0.5095477386934674,0.5095477386934674,0.5381526104417671,0.0,0.4618473895582329,0.5381526104417671,0.0,0.0,0.0,0.3200364112854004,115,gemma-2-2b-it
1,0.0889671072363853,False,0.5698492462311557,0.4301507537688442,0.5698492462311557,0.5461847389558233,0.2257183790206909,0.5461847389558233,0.5381526104417671,0.5502008032128514,0.0734115317463874,0.0597480461001396,0.4391305148601532,115,gemma-2-2b-it
2,0.041492860764265,False,0.6231155778894473,0.3768844221105528,0.6231155778894473,0.6144578313253012,0.2180415838956833,0.6144578313253012,0.5381526104417671,0.5301204819277109,0.3012494742870331,0.2593402862548828,0.5562573075294495,115,gemma-2-2b-it
3,0.0232222359627485,False,0.6482412060301508,0.3517587939698492,0.6482412060301508,0.6224899598393574,0.2395671904087066,0.6224899598393574,0.5381526104417671,0.5943775100401606,0.2728590667247772,0.3749932646751404,0.5646795034408569,115,gemma-2-2b-it
4,0.0185472499579191,True,0.3597989949748744,0.6402010050251257,0.6402010050251257,0.6184738955823292,0.2609868049621582,0.6184738955823293,0.5381526104417671,0.5983935742971888,0.242158904671669,0.4213163256645202,0.578334391117096,115,gemma-2-2b-it
5,0.0207390338182449,False,0.6402010050251257,0.3597989949748744,0.6402010050251257,0.642570281124498,0.2871701717376709,0.642570281124498,0.5381526104417671,0.5903614457831325,0.3450341820716858,0.4607411026954651,0.5820399522781372,115,gemma-2-2b-it
6,0.0039053969085216,False,0.6663316582914572,0.3336683417085427,0.6663316582914572,0.678714859437751,0.3716969192028045,0.678714859437751,0.5381526104417671,0.6345381526104418,0.2234247624874115,0.0539187118411064,0.3868825435638428,115,gemma-2-2b-it
7,0.0037162061780691,False,0.6663316582914572,0.3336683417085427,0.6663316582914572,0.6706827309236948,0.4052878618240356,0.6706827309236948,0.5381526104417671,0.642570281124498,0.230782151222229,0.0565933994948864,0.3688766360282898,115,gemma-2-2b-it
8,0.0035038371570408,True,0.3376884422110552,0.6623115577889447,0.6623115577889447,0.6626506024096386,0.4655693471431732,0.6626506024096386,0.5381526104417671,0.6506024096385542,0.2337747365236282,0.0491916313767433,0.3513680398464203,115,gemma-2-2b-it
9,0.0026453235186636,False,0.671356783919598,0.328643216080402,0.671356783919598,0.6706827309236948,0.4480805695056915,0.6706827309236948,0.5381526104417671,0.642570281124498,0.2422962039709091,0.0485121048986911,0.3680251538753509,115,gemma-2-2b-it
10,0.0025982540100812,True,0.3296482412060301,0.6703517587939698,0.6703517587939698,0.678714859437751,0.4075914323329925,0.678714859437751,0.5381526104417671,0.6345381526104418,0.2089917361736297,0.0557554475963115,0.3502146601676941,115,gemma-2-2b-it
11,0.00278239720501,True,0.3326633165829146,0.6673366834170854,0.6673366834170854,0.6746987951807228,0.3993127346038818,0.6746987951807228,0.5381526104417671,0.6385542168674698,0.2046881914138794,0.0597021020948886,0.3513792753219604,115,gemma-2-2b-it
12,0.0026062997058033,True,0.3266331658291457,0.6733668341708543,0.6733668341708543,0.6706827309236948,0.3585230112075805,0.6706827309236948,0.5381526104417671,0.642570281124498,0.205389454960823,0.0571449473500251,0.3545618951320648,115,gemma-2-2b-it
13,0.0024583339691162,True,0.0442211055276381,0.955778894472362,0.955778894472362,0.9477911646586346,0.2309352457523346,0.9477911646586346,0.5381526104417671,0.4939759036144578,0.1008432731032371,0.149260938167572,0.4457585513591766,115,gemma-2-2b-it
14,0.001515902695246,True,0.0271356783919597,0.9728643216080402,0.9728643216080402,0.9558232931726908,0.2595592439174652,0.9558232931726908,0.5381526104417671,0.5100401606425703,0.0587621591985225,0.1159240007400512,0.4831260144710541,115,gemma-2-2b-it
15,0.0013612085022032,True,0.0251256281407035,0.9748743718592964,0.9748743718592964,0.963855421686747,0.2871193289756775,0.963855421686747,0.5381526104417671,0.5180722891566265,0.0268385298550128,0.123652309179306,0.4801324903964996,115,gemma-2-2b-it
16,0.0016400800086557,True,0.0241206030150753,0.9758793969849248,0.9758793969849248,0.9678714859437751,0.2727534770965576,0.9678714859437751,0.5381526104417671,0.5140562248995983,0.044095005840063,0.0991638824343681,0.4570061862468719,115,gemma-2-2b-it
17,0.0016606885474175,False,0.9748743718592964,0.0251256281407035,0.9748743718592964,0.9678714859437751,0.2543692588806152,0.9678714859437751,0.5381526104417671,0.5140562248995983,0.0431062467396259,0.1213810741901397,0.4156474471092224,115,gemma-2-2b-it
18,0.001912398263812,False,0.9748743718592964,0.0251256281407035,0.9748743718592964,0.9678714859437751,0.2318547219038009,0.9678714859437751,0.5381526104417671,0.5140562248995983,0.0634719654917717,0.1089129224419593,0.4247136116027832,115,gemma-2-2b-it
19,0.0023303530178964,True,0.0271356783919597,0.9728643216080402,0.9728643216080402,0.963855421686747,0.2172069698572158,0.963855421686747,0.5381526104417671,0.5100401606425703,0.0302358716726303,0.1051010116934776,0.4417870640754699,115,gemma-2-2b-it
20,0.0022308509796857,False,0.9748743718592964,0.0251256281407035,0.9748743718592964,0.963855421686747,0.2143369615077972,0.963855421686747,0.5381526104417671,0.5100401606425703,0.0382512882351875,0.088356465101242,0.4190946221351623,115,gemma-2-2b-it
21,0.0024869213812053,True,0.0271356783919597,0.9728643216080402,0.9728643216080402,0.9678714859437751,0.2022123485803604,0.9678714859437751,0.5381526104417671,0.5140562248995983,0.0255811400711536,0.0973881334066391,0.4742375016212463,115,gemma-2-2b-it
22,0.0023802309297025,True,0.0241206030150753,0.9758793969849248,0.9758793969849248,0.963855421686747,0.2060518562793731,0.963855421686747,0.5381526104417671,0.5180722891566265,0.0210760794579982,0.0816620215773582,0.4449295103549957,115,gemma-2-2b-it
23,0.0023690117523074,False,0.9738693467336684,0.0261306532663316,0.9738693467336684,0.9678714859437751,0.1883530467748642,0.9678714859437751,0.5381526104417671,0.5140562248995983,0.0292410869151353,0.0938687250018119,0.423322319984436,115,gemma-2-2b-it
24,0.002255864907056,False,0.9738693467336684,0.0261306532663316,0.9738693467336684,0.9598393574297188,0.1894904226064682,0.9598393574297188,0.5381526104417671,0.5140562248995983,0.0596640706062316,0.1065095141530036,0.4402045309543609,115,gemma-2-2b-it
25,0.003111511003226,False,0.9728643216080402,0.0271356783919597,0.9728643216080402,0.9598393574297188,0.1881235241889953,0.9598393574297188,0.5381526104417671,0.5140562248995983,0.0615951567888259,0.1198740005493164,0.4504585862159729,115,gemma-2-2b-it
26,0.0052914982661604,True,0.029145728643216,0.970854271356784,0.970854271356784,0.9598393574297188,0.171324998140335,0.9598393574297188,0.5381526104417671,0.5140562248995983,0.0674642696976661,0.1077462211251258,0.4623356461524963,115,gemma-2-2b-it
0,0.1996398419141769,True,0.5095477386934674,0.5105527638190954,0.5105527638190954,0.5381526104417671,0.0,0.4618473895582329,0.8714859437751004,0.3333333333333333,0.0,0.0,0.3156019449234009,115,gemma-2-9b-it
1,0.0912366062402725,False,0.5668341708542713,0.4331658291457286,0.5668341708542713,0.5421686746987951,0.2572928667068481,0.5421686746987951,0.8714859437751004,0.5100401606425703,0.0935275852680206,0.0863652974367141,0.4427964985370636,115,gemma-2-9b-it
2,0.040843054652214,True,0.3849246231155779,0.6150753768844222,0.6150753768844222,0.6104417670682731,0.1747199296951294,0.6104417670682731,0.8714859437751004,0.642570281124498,0.2654948234558105,0.2892921566963196,0.5712657570838928,115,gemma-2-9b-it
3,0.0305927991867065,False,0.6311557788944724,0.3688442211055276,0.6311557788944724,0.6024096385542169,0.2975747585296631,0.6024096385542169,0.8714859437751004,0.5943775100401606,0.3681366443634033,0.43303382396698,0.5908400416374207,115,gemma-2-9b-it
4,0.0240192487835884,False,0.6301507537688442,0.3698492462311558,0.6301507537688442,0.5983935742971888,0.2962330281734466,0.5983935742971888,0.8714859437751004,0.606425702811245,0.3825220465660095,0.4364737272262573,0.6061795353889465,115,gemma-2-9b-it
5,0.021217780187726,False,0.6211055276381909,0.378894472361809,0.6211055276381909,0.5983935742971888,0.2507609128952026,0.5983935742971888,0.8714859437751004,0.5903614457831325,0.3821514546871185,0.4623065292835235,0.5946491360664368,115,gemma-2-9b-it
6,0.0197505429387092,False,0.6603015075376885,0.3396984924623115,0.6603015075376885,0.6506024096385542,0.2064109146595001,0.6506024096385542,0.8714859437751004,0.6506024096385542,0.3520778119564056,0.3679119944572449,0.5847359299659729,115,gemma-2-9b-it
7,0.004326457157731,False,0.6572864321608041,0.342713567839196,0.6572864321608041,0.6706827309236948,0.2595188617706299,0.6706827309236948,0.8714859437751004,0.5903614457831325,0.1973415613174438,0.03933035582304,0.3512164354324341,115,gemma-2-9b-it
8,0.0021879780106246,True,0.3336683417085427,0.6663316582914572,0.6663316582914572,0.678714859437751,0.6020058989524841,0.678714859437751,0.8714859437751004,0.5983935742971888,0.205667108297348,0.0348892956972122,0.3387967050075531,115,gemma-2-9b-it
9,0.002036718185991,True,0.3326633165829146,0.6673366834170854,0.6673366834170854,0.678714859437751,0.5887643098831177,0.678714859437751,0.8714859437751004,0.5983935742971888,0.2301963418722152,0.0351691506803035,0.3518476486206054,115,gemma-2-9b-it
10,0.0020110143814235,True,0.3326633165829146,0.6673366834170854,0.6673366834170854,0.6827309236947792,0.5809808969497681,0.6827309236947792,0.8714859437751004,0.6024096385542169,0.239265576004982,0.0403610207140445,0.3544229567050934,115,gemma-2-9b-it
11,0.0017600029241293,True,0.3306532663316583,0.6693467336683417,0.6693467336683417,0.678714859437751,0.5866004228591919,0.678714859437751,0.8714859437751004,0.5983935742971888,0.2289447784423828,0.0471311546862125,0.356221467256546,115,gemma-2-9b-it
12,0.0017575724050402,False,0.6683417085427136,0.3316582914572864,0.6683417085427136,0.6746987951807228,0.6006128787994385,0.6746987951807228,0.8714859437751004,0.5943775100401606,0.2298259288072586,0.0427926294505596,0.382190078496933,115,gemma-2-9b-it
13,0.0014805470127612,False,0.6693467336683417,0.3306532663316583,0.6693467336683417,0.6746987951807228,0.5700984001159668,0.6746987951807228,0.8714859437751004,0.5943775100401606,0.2300692349672317,0.0285687204450368,0.3772502541542053,115,gemma-2-9b-it
14,0.0011630262015387,True,0.3266331658291457,0.6733668341708543,0.6733668341708543,0.6827309236947792,0.5582501888275146,0.6827309236947792,0.8714859437751004,0.6024096385542169,0.2625218629837036,0.0533322691917419,0.3526207506656647,115,gemma-2-9b-it
15,0.001210993155837,True,0.3276381909547738,0.6723618090452261,0.6723618090452261,0.6827309236947792,0.5246871709823608,0.6827309236947792,0.8714859437751004,0.6024096385542169,0.2593258619308471,0.061846274882555,0.353588193655014,115,gemma-2-9b-it
16,0.0014829067513346,True,0.3256281407035176,0.6743718592964824,0.6743718592964824,0.6827309236947792,0.5318852066993713,0.6827309236947792,0.8714859437751004,0.6024096385542169,0.2668917179107666,0.0568037442862987,0.354646772146225,115,gemma-2-9b-it
17,0.001613626955077,False,0.6844221105527638,0.3155778894472362,0.6844221105527638,0.6907630522088354,0.5026531219482422,0.6907630522088354,0.8714859437751004,0.6104417670682731,0.224359318614006,0.0449349954724311,0.3821668624877929,115,gemma-2-9b-it
18,0.0012924415059387,False,0.6773869346733669,0.3226130653266331,0.6773869346733669,0.6706827309236948,0.4502431750297546,0.6706827309236948,0.8714859437751004,0.5903614457831325,0.2591339647769928,0.0459481701254844,0.3901091516017914,115,gemma-2-9b-it
19,0.0013546366244554,True,0.3175879396984924,0.6824120603015076,0.6824120603015076,0.6867469879518072,0.3829122483730316,0.6867469879518072,0.8714859437751004,0.606425702811245,0.2415060997009277,0.0601126141846179,0.3582646250724792,115,gemma-2-9b-it
20,0.0009901496814563,False,0.9728643216080402,0.0271356783919597,0.9728643216080402,0.9799196787148594,0.2895382642745971,0.9799196787148594,0.8714859437751004,0.8594377510040161,0.0614020302891731,0.0782686695456504,0.3833149969577789,115,gemma-2-9b-it
21,0.001380548113957,False,0.9618090452261306,0.0381909547738693,0.9618090452261306,0.963855421686747,0.3404543101787567,0.963855421686747,0.8714859437751004,0.8433734939759037,0.0631143301725387,0.1154061630368232,0.4239546656608581,115,gemma-2-9b-it
22,0.0009306994616053,False,0.971859296482412,0.0281407035175879,0.971859296482412,0.9759036144578314,0.3385705947875976,0.9759036144578314,0.8714859437751004,0.8554216867469879,0.0265188328921794,0.089083507657051,0.3684118986129761,115,gemma-2-9b-it
23,0.0010119172511622,True,0.0231155778894472,0.9768844221105528,0.9768844221105528,0.9759036144578314,0.3497012257575989,0.9759036144578314,0.8714859437751004,0.8554216867469879,0.0306094493716955,0.0880683735013008,0.4151999354362488,115,gemma-2-9b-it
24,0.001056816545315,False,0.9748743718592964,0.0251256281407035,0.9748743718592964,0.9799196787148594,0.38361856341362,0.9799196787148594,0.8714859437751004,0.8594377510040161,0.0279536191374063,0.0925725847482681,0.4028393030166626,115,gemma-2-9b-it
25,0.0011800224892795,False,0.9758793969849248,0.0241206030150753,0.9758793969849248,0.9759036144578314,0.3819864988327026,0.9759036144578314,0.8714859437751004,0.8634538152610441,0.0306893847882747,0.0869046971201896,0.3904558718204498,115,gemma-2-9b-it
26,0.0011112547945231,False,0.9748743718592964,0.0251256281407035,0.9748743718592964,0.9718875502008032,0.368300586938858,0.9718875502008032,0.8714859437751004,0.8594377510040161,0.0558117143809795,0.0739603042602539,0.3890299201011657,115,gemma-2-9b-it
27,0.001110746175982,False,0.9728643216080402,0.0271356783919597,0.9728643216080402,0.9678714859437751,0.3570878505706787,0.9678714859437751,0.8714859437751004,0.8554216867469879,0.0559903383255004,0.1152563989162445,0.4160053431987762,115,gemma-2-9b-it
28,0.0012785316212102,False,0.9738693467336684,0.0261306532663316,0.9738693467336684,0.963855421686747,0.3551332950592041,0.963855421686747,0.8714859437751004,0.8514056224899599,0.0715734660625457,0.0947358459234237,0.402511715888977,115,gemma-2-9b-it
29,0.0013982219388708,False,0.9728643216080402,0.0271356783919597,0.9728643216080402,0.963855421686747,0.3362911343574524,0.963855421686747,0.8714859437751004,0.8514056224899599,0.0629078596830368,0.0878576040267944,0.3934323787689209,115,gemma-2-9b-it
30,0.0014467996079474,False,0.971859296482412,0.0281407035175879,0.971859296482412,0.9718875502008032,0.3437768518924713,0.9718875502008032,0.8714859437751004,0.8514056224899599,0.0750683844089508,0.1187431514263153,0.3938762247562408,115,gemma-2-9b-it
31,0.0014363513328135,False,0.9698492462311558,0.0301507537688442,0.9698492462311558,0.9718875502008032,0.3449617028236389,0.9718875502008032,0.8714859437751004,0.8514056224899599,0.0465477034449577,0.096666008234024,0.402428925037384,115,gemma-2-9b-it
32,0.0014487277949228,True,0.0321608040201005,0.9678391959798996,0.9678391959798996,0.9678714859437751,0.3265958726406097,0.9678714859437751,0.8714859437751004,0.8473895582329317,0.0660862177610397,0.105769082903862,0.4502183794975281,115,gemma-2-9b-it
33,0.0013524759560823,True,0.0331658291457286,0.9668341708542714,0.9668341708542714,0.963855421686747,0.315735787153244,0.963855421686747,0.8714859437751004,0.8433734939759037,0.0655610486865043,0.1290446072816848,0.4729292094707489,115,gemma-2-9b-it
34,0.0015129771782085,True,0.0341708542713567,0.9658291457286432,0.9658291457286432,0.9678714859437751,0.3122954666614532,0.9678714859437751,0.8714859437751004,0.8473895582329317,0.0706333294510841,0.094080276787281,0.4511528015136719,115,gemma-2-9b-it
35,0.0012625639792531,True,0.0321608040201005,0.9678391959798996,0.9678391959798996,0.963855421686747,0.3053910136222839,0.963855421686747,0.8714859437751004,0.8433734939759037,0.0695524886250495,0.1252616345882415,0.4725817739963531,115,gemma-2-9b-it
36,0.0012421139981597,True,0.0321608040201005,0.9678391959798996,0.9678391959798996,0.963855421686747,0.3088924884796142,0.963855421686747,0.8714859437751004,0.8433734939759037,0.0576851814985275,0.1214686259627342,0.4621514678001404,115,gemma-2-9b-it
37,0.0012876961845904,False,0.9668341708542714,0.0331658291457286,0.9668341708542714,0.9598393574297188,0.3089735507965088,0.9598393574297188,0.8714859437751004,0.8473895582329317,0.0777758359909057,0.1119565889239311,0.3992616832256317,115,gemma-2-9b-it
38,0.0013718218542635,True,0.0321608040201005,0.9678391959798996,0.9678391959798996,0.963855421686747,0.3029232621192932,0.963855421686747,0.8714859437751004,0.8433734939759037,0.0451125428080558,0.1022185012698173,0.4585225582122803,115,gemma-2-9b-it
39,0.0013283740263432,False,0.9688442211055276,0.0311557788944723,0.9688442211055276,0.963855421686747,0.3074955940246582,0.963855421686747,0.8714859437751004,0.8433734939759037,0.0535503067076206,0.1157172322273254,0.3982590436935425,115,gemma-2-9b-it
40,0.0015198041219264,True,0.0311557788944723,0.9688442211055276,0.9688442211055276,0.963855421686747,0.2987101376056671,0.963855421686747,0.8714859437751004,0.8433734939759037,0.0706314966082573,0.1088256388902664,0.4718924462795257,115,gemma-2-9b-it
41,0.0019513969309628,True,0.0321608040201005,0.9678391959798996,0.9678391959798996,0.963855421686747,0.2909413576126098,0.963855421686747,0.8714859437751004,0.8433734939759037,0.0368359312415123,0.0988181605935096,0.4582030773162842,115,gemma-2-9b-it
42,0.0009109277161769,True,0.0341708542713567,0.9658291457286432,0.9658291457286432,0.963855421686747,0.2840393781661987,0.963855421686747,0.8714859437751004,0.8433734939759037,0.0878021493554115,0.1449523568153381,0.4713006019592285,115,gemma-2-9b-it
0,0.199999988079071,False,0.5095477386934674,0.5095477386934674,0.5095477386934674,0.5381526104417671,0.0,0.4618473895582329,0.6666666666666666,0.7871485943775101,0.0,0.0,0.3200323581695556,115,deberta-hate-tuned
1,0.1892287582159042,True,0.4030150753768844,0.5969849246231156,0.5969849246231156,0.606425702811245,0.4691505134105682,0.606425702811245,0.6666666666666666,0.5783132530120482,-0.0020041966345161,0.0020588040351867,0.3285448551177978,115,deberta-hate-tuned
2,0.1496361047029495,False,0.549748743718593,0.450251256281407,0.549748743718593,0.5341365461847389,0.2571852803230285,0.5341365461847389,0.6666666666666666,0.4096385542168674,-0.0021354858763515,0.0184622257947921,0.3671079576015472,115,deberta-hate-tuned
3,0.15993532538414,True,0.4522613065326633,0.5477386934673367,0.5477386934673367,0.5220883534136547,0.4200753271579742,0.5220883534136547,0.6666666666666666,0.5261044176706827,-0.0047647752799093,0.0184149723500013,0.3583612143993377,115,deberta-hate-tuned
4,0.1140147298574447,False,0.5829145728643216,0.4170854271356783,0.5829145728643216,0.5742971887550201,0.2306248992681503,0.5742971887550201,0.6666666666666666,0.5060240963855421,0.0131241427734494,0.0741754546761512,0.4174876809120178,115,deberta-hate-tuned
5,0.1126400157809257,True,0.392964824120603,0.607035175879397,0.607035175879397,0.5783132530120482,0.5142427682876587,0.5783132530120482,0.6666666666666666,0.5341365461847389,0.0721645653247833,0.0699821859598159,0.4073591530323028,115,deberta-hate-tuned
6,0.1197849214076995,True,0.4442211055276382,0.5557788944723618,0.5557788944723618,0.570281124497992,0.4961088597774505,0.570281124497992,0.6666666666666666,0.5180722891566265,-0.0047489195130765,0.1069301515817642,0.4172248840332031,115,deberta-hate-tuned
7,0.1108963638544082,False,0.5738693467336683,0.4261306532663316,0.5738693467336683,0.5542168674698795,0.3808313310146332,0.5542168674698795,0.6666666666666666,0.5502008032128514,0.0804128497838974,0.0976342558860778,0.4308159947395324,115,deberta-hate-tuned
8,0.1176748275756836,False,0.5698492462311557,0.4301507537688442,0.5698492462311557,0.5582329317269076,0.4256658256053924,0.5582329317269076,0.6666666666666666,0.5461847389558233,0.0304924640804529,0.0603475794196128,0.4047817587852478,115,deberta-hate-tuned
9,0.0990635156631469,True,0.44321608040201,0.5567839195979899,0.5567839195979899,0.5020080321285141,0.5482133626937866,0.4979919678714859,0.6666666666666666,0.4779116465863454,0.0909327641129493,0.1545247137546539,0.4522094130516052,115,deberta-hate-tuned
10,0.1282675862312317,False,0.5819095477386935,0.4180904522613065,0.5819095477386935,0.5421686746987951,0.396635353565216,0.5421686746987951,0.6666666666666666,0.5381526104417671,0.0048340992070734,0.0389422178268432,0.3833264112472534,115,deberta-hate-tuned
11,0.1460511088371276,True,0.3889447236180904,0.6110552763819096,0.6110552763819096,0.5461847389558233,0.4392545521259308,0.5461847389558233,0.6666666666666666,0.5662650602409639,0.0139904953539371,0.0308300964534282,0.3659027814865112,115,deberta-hate-tuned
12,0.1516811847686767,False,0.5507537688442211,0.4492462311557789,0.5507537688442211,0.5783132530120482,0.3571077585220337,0.5783132530120482,0.6666666666666666,0.5180722891566265,0.0017104024300351,0.0193637311458587,0.3579524755477905,115,deberta-hate-tuned
13,0.1704241335391998,True,0.3577889447236181,0.6422110552763819,0.6422110552763819,0.6345381526104418,0.252470999956131,0.6345381526104418,0.6666666666666666,0.5582329317269076,0.0010789196239784,0.0118529126048088,0.3446859419345855,115,deberta-hate-tuned
14,0.1232430934906005,True,0.3507537688442211,0.6492462311557788,0.6492462311557788,0.6265060240963856,0.3675467669963836,0.6265060240963856,0.6666666666666666,0.4698795180722891,0.0029452112503349,0.0261455625295639,0.3557334244251251,115,deberta-hate-tuned
15,0.1513417661190033,True,0.4150753768844221,0.5849246231155779,0.5849246231155779,0.5180722891566265,0.3012926876544952,0.5180722891566265,0.6666666666666666,0.5542168674698795,0.007428856100887,0.0193443484604358,0.3546768128871918,115,deberta-hate-tuned
16,0.1108000576496124,True,0.3688442211055276,0.6311557788944724,0.6311557788944724,0.5903614457831325,0.3006034791469574,0.5903614457831325,0.6666666666666666,0.5461847389558233,0.052949346601963,0.0660297870635986,0.3991851508617401,115,deberta-hate-tuned
17,0.1403798162937164,True,0.2532663316582914,0.7467336683417085,0.7467336683417085,0.6907630522088353,0.2655720710754394,0.6907630522088354,0.6666666666666666,0.5903614457831325,0.0102437492460012,0.0274728666990995,0.3675936460494995,115,deberta-hate-tuned
18,0.1503449827432632,True,0.1879396984924623,0.8120603015075377,0.8120603015075377,0.7670682730923695,0.2000287473201751,0.7670682730923695,0.6666666666666666,0.6586345381526104,0.0029943762347102,0.0129532162100076,0.3528249561786651,115,deberta-hate-tuned
19,0.0460379235446453,True,0.3597989949748744,0.6402010050251257,0.6402010050251257,0.6265060240963856,0.2127659171819687,0.6265060240963856,0.6666666666666666,0.6144578313253012,0.1539900749921798,0.2221850007772445,0.5183134078979492,115,deberta-hate-tuned
20,0.0360765121877193,True,0.0492462311557788,0.9507537688442212,0.9507537688442212,0.963855421686747,0.2536529302597046,0.963855421686747,0.6666666666666666,0.7028112449799196,0.0204204060137271,0.1111543327569961,0.3875882029533386,115,deberta-hate-tuned
21,0.0395016893744468,True,0.0462311557788944,0.9537688442211056,0.9537688442211056,0.9518072289156626,0.2624094486236572,0.9518072289156626,0.6666666666666666,0.7068273092369478,0.0346194207668304,0.1227251887321472,0.3876861333847046,115,deberta-hate-tuned
22,0.044829212129116,False,0.9015075376884422,0.0984924623115577,0.9015075376884422,0.8795180722891566,0.2726373672485351,0.8795180722891566,0.6666666666666666,0.6907630522088354,0.0729880407452583,0.1032919734716415,0.4483304023742676,115,deberta-hate-tuned
23,0.0476728975772857,False,0.892462311557789,0.107537688442211,0.892462311557789,0.8795180722891566,0.2685020864009857,0.8795180722891566,0.6666666666666666,0.6827309236947792,0.1001091748476028,0.1001534089446067,0.4368301630020141,115,deberta-hate-tuned
24,0.0509044975042343,True,0.1105527638190954,0.8894472361809045,0.8894472361809045,0.8795180722891567,0.221576914191246,0.8795180722891566,0.6666666666666666,0.6666666666666666,0.0726467743515968,0.1203160285949707,0.3946200609207153,115,deberta-hate-tuned
0,0.1999999731779098,False,0.5095477386934674,0.5095477386934674,0.5095477386934674,0.5381526104417671,0.0,0.4618473895582329,0.4618473895582329,1.0,0.0,0.0,0.3200340569019317,115,gemma-2-9b
1,0.0980866998434066,False,0.5608040201005026,0.4391959798994975,0.5608040201005026,0.5381526104417671,0.2076834887266159,0.5381526104417671,0.4618473895582329,0.4819277108433735,0.058503583073616,0.0535336658358573,0.4182038903236389,115,gemma-2-9b
2,0.0327564105391502,False,0.6150753768844222,0.3849246231155779,0.6150753768844222,0.5983935742971888,0.2386320531368255,0.5983935742971888,0.4618473895582329,0.4859437751004016,0.3196170032024383,0.3466984033584595,0.5739148855209351,115,gemma-2-9b
3,0.0282360780984163,False,0.6241206030150753,0.3758793969849246,0.6241206030150753,0.6104417670682731,0.3887984454631805,0.6104417670682731,0.4618473895582329,0.4497991967871486,0.3376812040805816,0.4122056663036346,0.586357831954956,115,gemma-2-9b
4,0.0215694420039653,False,0.6522613065326633,0.3477386934673366,0.6522613065326633,0.6465863453815262,0.341605544090271,0.6465863453815262,0.4618473895582329,0.4457831325301205,0.3817313909530639,0.3751366138458252,0.5984359979629517,115,gemma-2-9b
5,0.0194798298180103,False,0.6572864321608041,0.342713567839196,0.6572864321608041,0.6345381526104418,0.2742433845996856,0.6345381526104418,0.4618473895582329,0.4417670682730923,0.395723283290863,0.4828136563301086,0.6122395992279053,115,gemma-2-9b
6,0.0174559820443391,False,0.6522613065326633,0.3477386934673366,0.6522613065326633,0.6305220883534136,0.2700715661048889,0.6305220883534136,0.4618473895582329,0.429718875502008,0.4162331819534302,0.5605905055999756,0.6423680186271667,115,gemma-2-9b
7,0.0050168372690677,True,0.3376884422110552,0.6623115577889447,0.6623115577889447,0.678714859437751,0.1984948217868805,0.678714859437751,0.4618473895582329,0.3815261044176707,0.2252282798290252,0.0519451200962066,0.360558420419693,115,gemma-2-9b
8,0.0026573855429887,False,0.6663316582914572,0.3336683417085427,0.6663316582914572,0.6827309236947792,0.5317534804344177,0.6827309236947792,0.4618473895582329,0.3694779116465863,0.2535689175128937,0.0320527218282222,0.3733861148357391,115,gemma-2-9b
9,0.0026212951634079,False,0.6663316582914572,0.3336683417085427,0.6663316582914572,0.678714859437751,0.5109336972236633,0.678714859437751,0.4618473895582329,0.3734939759036144,0.242399662733078,0.0412522219121456,0.3779613375663757,115,gemma-2-9b
10,0.002428401261568,False,0.6683417085427136,0.3316582914572864,0.6683417085427136,0.6827309236947792,0.5075798034667969,0.6827309236947792,0.4618473895582329,0.3694779116465863,0.2583397626876831,0.0341540202498436,0.3661979734897613,115,gemma-2-9b
11,0.0021635955199599,True,0.3326633165829146,0.6673366834170854,0.6673366834170854,0.678714859437751,0.5029104351997375,0.678714859437751,0.4618473895582329,0.3734939759036144,0.2205162346363067,0.0454204306006431,0.3676801025867462,115,gemma-2-9b
12,0.0018779498059302,False,0.6663316582914572,0.3336683417085427,0.6663316582914572,0.6746987951807228,0.5316210985183716,0.6746987951807228,0.4618473895582329,0.3614457831325301,0.2494922429323196,0.0449115373194217,0.3913640081882477,115,gemma-2-9b
13,0.001800266560167,False,0.6673366834170854,0.3326633165829146,0.6673366834170854,0.678714859437751,0.5023415684700012,0.678714859437751,0.4618473895582329,0.3654618473895582,0.2534599900245666,0.0538143441081047,0.3916326761245727,115,gemma-2-9b
14,0.0016772288363426,True,0.3326633165829146,0.6673366834170854,0.6673366834170854,0.6746987951807228,0.5066167116165161,0.6746987951807228,0.4618473895582329,0.3614457831325301,0.2591024935245514,0.0436592251062393,0.3673838973045349,115,gemma-2-9b
15,0.0019365658517926,False,0.664321608040201,0.335678391959799,0.664321608040201,0.678714859437751,0.485658198595047,0.678714859437751,0.4618473895582329,0.3654618473895582,0.2538953721523285,0.0576921738684177,0.3906630873680115,115,gemma-2-9b
16,0.0020841530058532,True,0.328643216080402,0.671356783919598,0.671356783919598,0.678714859437751,0.5028781890869141,0.678714859437751,0.4618473895582329,0.3654618473895582,0.2518075704574585,0.0834743082523346,0.3742214143276214,115,gemma-2-9b
17,0.0021124775521457,False,0.6693467336683417,0.3306532663316583,0.6693467336683417,0.678714859437751,0.4793203473091125,0.678714859437751,0.4618473895582329,0.357429718875502,0.261376678943634,0.0818091034889221,0.3953094780445099,115,gemma-2-9b
18,0.0017980311531573,True,0.3336683417085427,0.6663316582914572,0.6663316582914572,0.6706827309236948,0.4374766647815704,0.6706827309236948,0.4618473895582329,0.3493975903614458,0.25704026222229,0.1116576194763183,0.3887239992618561,115,gemma-2-9b
19,0.0016797523712739,False,0.6603015075376885,0.3396984924623115,0.6603015075376885,0.6506024096385542,0.4046217203140259,0.6506024096385542,0.4618473895582329,0.3293172690763052,0.2568500638008117,0.0763597562909126,0.4037283062934875,115,gemma-2-9b
20,0.0019261615816503,True,0.3296482412060301,0.6703517587939698,0.6703517587939698,0.6706827309236948,0.3570541441440582,0.6706827309236948,0.4618473895582329,0.3493975903614458,0.2403805702924728,0.1002063006162643,0.3785638213157654,115,gemma-2-9b
21,0.001933800522238,False,0.671356783919598,0.328643216080402,0.671356783919598,0.6666666666666666,0.3253403902053833,0.6666666666666666,0.4618473895582329,0.3453815261044177,0.216575339436531,0.0661633983254432,0.3790328502655029,115,gemma-2-9b
22,0.0022882905323058,False,0.671356783919598,0.328643216080402,0.671356783919598,0.678714859437751,0.3062390089035034,0.678714859437751,0.4618473895582329,0.357429718875502,0.2237725257873535,0.041822925209999,0.3659232556819916,115,gemma-2-9b
23,0.0029217358678579,True,0.3296482412060301,0.6703517587939698,0.6703517587939698,0.6746987951807228,0.3037810325622558,0.6746987951807228,0.4618473895582329,0.3534136546184739,0.2496027201414108,0.0777602940797805,0.3924241662025451,115,gemma-2-9b
24,0.0033919741399586,True,0.0492462311557788,0.9507537688442212,0.9507537688442212,0.9397590361445785,0.233100339770317,0.9397590361445785,0.4618473895582329,0.5140562248995983,0.0629910081624984,0.1288008093833923,0.3933101296424866,115,gemma-2-9b
25,0.0035140484105795,True,0.335678391959799,0.664321608040201,0.664321608040201,0.6706827309236948,0.2708621025085449,0.6706827309236948,0.4618473895582329,0.3493975903614458,0.1963850110769271,0.0593065917491912,0.3871809840202331,115,gemma-2-9b
26,0.0036314285825937,True,0.3336683417085427,0.6663316582914572,0.6663316582914572,0.6706827309236948,0.2477666288614273,0.6706827309236948,0.4618473895582329,0.3493975903614458,0.217497706413269,0.0841282233595848,0.3888700306415558,115,gemma-2-9b
27,0.0038013933226466,True,0.0522613065326633,0.9477386934673366,0.9477386934673366,0.9558232931726908,0.2112728208303451,0.9558232931726908,0.4618473895582329,0.4979919678714859,0.0756460130214691,0.1314087808132171,0.4041951596736908,115,gemma-2-9b
28,0.0038435608148574,False,0.942713567839196,0.057286432160804,0.942713567839196,0.9437751004016064,0.2095230221748352,0.9437751004016064,0.4618473895582329,0.5180722891566265,0.0736133903264999,0.1330524981021881,0.4540337920188904,115,gemma-2-9b
29,0.0048454962670803,False,0.9407035175879396,0.0592964824120603,0.9407035175879396,0.9437751004016064,0.2005064934492111,0.9437751004016064,0.4618473895582329,0.5020080321285141,0.0758322179317474,0.1349372267723083,0.4522696733474731,115,gemma-2-9b
30,0.0044529815204441,False,0.9316582914572864,0.0683417085427135,0.9316582914572864,0.9397590361445785,0.1991589665412902,0.9397590361445785,0.4618473895582329,0.5140562248995983,0.1102703660726547,0.1440166234970092,0.4529686868190765,115,gemma-2-9b
31,0.0050909053534269,True,0.0884422110552763,0.9115577889447236,0.9115577889447236,0.9156626506024096,0.2018997371196746,0.9156626506024096,0.4618473895582329,0.4979919678714859,0.1640142351388931,0.1590441316366195,0.4632607400417328,115,gemma-2-9b
32,0.0051345359534025,True,0.0964824120603015,0.9035175879396984,0.9035175879396984,0.9236947791164658,0.2005636692047119,0.923694779116466,0.4618473895582329,0.4979919678714859,0.1728655844926834,0.1702550798654556,0.4806487262248993,115,gemma-2-9b
33,0.0056725498288869,False,0.8944723618090452,0.1055276381909547,0.8944723618090452,0.8995983935742972,0.1986817270517349,0.8995983935742972,0.4618473895582329,0.4899598393574297,0.1730202585458755,0.1912993043661117,0.4453657865524292,115,gemma-2-9b
34,0.0052805584855377,False,0.8954773869346734,0.1045226130653266,0.8954773869346734,0.8995983935742972,0.1996337175369262,0.8995983935742972,0.4618473895582329,0.4819277108433735,0.2082267552614212,0.2237635105848312,0.4634153842926025,115,gemma-2-9b
35,0.0054345033131539,True,0.1015075376884422,0.8984924623115578,0.8984924623115578,0.9036144578313252,0.1957381218671798,0.9036144578313252,0.4618473895582329,0.4779116465863454,0.1499907523393631,0.2334037125110626,0.4951942563056946,115,gemma-2-9b
36,0.0057509960606694,True,0.1226130653266331,0.8773869346733668,0.8773869346733668,0.8835341365461847,0.1992318630218505,0.8835341365461847,0.4618473895582329,0.4578313253012048,0.1838515996932983,0.2267500609159469,0.5086402893066406,115,gemma-2-9b
37,0.0056236069649457,False,0.8894472361809045,0.1105527638190954,0.8894472361809045,0.8875502008032129,0.1967612504959106,0.8875502008032129,0.4618473895582329,0.4538152610441767,0.1543744057416916,0.2326734513044357,0.4394224286079407,115,gemma-2-9b
38,0.0054342094808816,False,0.8824120603015075,0.1175879396984924,0.8824120603015075,0.8835341365461847,0.1867303550243377,0.8835341365461847,0.4618473895582329,0.465863453815261,0.1878408342599868,0.2214109003543853,0.4669969975948334,115,gemma-2-9b
39,0.0047321682795882,False,0.8753768844221106,0.1246231155778894,0.8753768844221106,0.8875502008032129,0.1896241158246994,0.8875502008032129,0.4618473895582329,0.4457831325301205,0.1888541579246521,0.2380411326885223,0.4544166028499603,115,gemma-2-9b
40,0.0050279037095606,False,0.878391959798995,0.121608040201005,0.878391959798995,0.8795180722891566,0.1801798194646835,0.8795180722891566,0.4618473895582329,0.4538152610441767,0.1756902337074279,0.2210312783718109,0.4528515040874481,115,gemma-2-9b
41,0.0049352142959833,True,0.1195979899497487,0.8804020100502512,0.8804020100502512,0.8835341365461847,0.1775130927562713,0.8835341365461847,0.4618473895582329,0.4497991967871486,0.2015440762042999,0.2113536298274994,0.5217317938804626,115,gemma-2-9b
42,0.0030243687797337,False,0.8793969849246231,0.1206030150753768,0.8793969849246231,0.8835341365461847,0.1787134557962417,0.8835341365461847,0.4618473895582329,0.4578313253012048,0.1686663478612899,0.2848936915397644,0.4610283374786377,115,gemma-2-9b
