dataset,model,layer,ccs_loss,orientation_flipped,train_accuracy_raw,train_accuracy_flipped,train_orientation_accuracy,accuracy,silhouette,latent_vs_true,behavioral_vs_true,latent_vs_behavioral,polar_consistency_↓,abs_agreement_score,contradiction_idx_↓,pa_pair_count,esa,pc,ci,esa_regime,preprocessing
mixed,gemma-2-2b-it,0,0.199999988079071,False,0.5095477386934674,0.5095477386934674,0.5095477386934674,0.5381526104417671,0.0,0.4618473895582329,0.5381526104417671,0.0,0.0,0.0,0.3200364112854004,115,0.5381526104417671,0.0,0.3200364112854004,0.5 <= ESA < 0.75,CCS-consistent: L2 + saved train Yes/No offsets
mixed,gemma-2-2b-it,1,0.0889671072363853,False,0.5698492462311557,0.4301507537688442,0.5698492462311557,0.5461847389558233,0.2257183790206909,0.5461847389558233,0.5381526104417671,0.5502008032128514,0.09853773564100266,0.06135048717260361,0.4336819052696228,115,0.5461847389558233,0.09853773564100266,0.4336819052696228,0.5 <= ESA < 0.75,CCS-consistent: L2 + saved train Yes/No offsets
mixed,gemma-2-2b-it,2,0.041492860764265,False,0.6231155778894473,0.3768844221105528,0.6231155778894473,0.6144578313253012,0.2180415838956833,0.6144578313253012,0.5381526104417671,0.5301204819277109,0.3283032178878784,0.30523425340652466,0.5416384339332581,115,0.6144578313253012,0.3283032178878784,0.5416384339332581,0.5 <= ESA < 0.75,CCS-consistent: L2 + saved train Yes/No offsets
mixed,gemma-2-2b-it,3,0.0232222359627485,False,0.6482412060301508,0.3517587939698492,0.6482412060301508,0.6224899598393574,0.2395671904087066,0.6224899598393574,0.5381526104417671,0.5943775100401606,0.321697860956192,0.43362170457839966,0.559744656085968,115,0.6224899598393574,0.321697860956192,0.559744656085968,0.5 <= ESA < 0.75,CCS-consistent: L2 + saved train Yes/No offsets
mixed,gemma-2-2b-it,4,0.0185472499579191,True,0.3597989949748744,0.6402010050251257,0.6402010050251257,0.6184738955823292,0.2609868049621582,0.6184738955823293,0.5381526104417671,0.5983935742971888,0.36035439372062683,0.4442402124404907,0.600545346736908,115,0.6184738955823292,0.36035439372062683,0.600545346736908,0.5 <= ESA < 0.75,CCS-consistent: L2 + saved train Yes/No offsets
mixed,gemma-2-2b-it,5,0.0207390338182449,False,0.6402010050251257,0.3597989949748744,0.6402010050251257,0.642570281124498,0.2871701717376709,0.642570281124498,0.5381526104417671,0.5903614457831325,0.3520345687866211,0.4464699625968933,0.545902669429779,115,0.642570281124498,0.3520345687866211,0.545902669429779,0.5 <= ESA < 0.75,CCS-consistent: L2 + saved train Yes/No offsets
mixed,gemma-2-2b-it,6,0.0039053969085216,False,0.6663316582914572,0.3336683417085427,0.6663316582914572,0.678714859437751,0.3716969192028045,0.678714859437751,0.5381526104417671,0.6345381526104418,0.042529039084911346,0.003247790038585663,0.34783267974853516,115,0.678714859437751,0.042529039084911346,0.34783267974853516,0.5 <= ESA < 0.75,CCS-consistent: L2 + saved train Yes/No offsets
mixed,gemma-2-2b-it,7,0.0037162061780691,False,0.6663316582914572,0.3336683417085427,0.6663316582914572,0.6706827309236948,0.4052878618240356,0.6706827309236948,0.5381526104417671,0.642570281124498,0.14535672962665558,0.008085465058684349,0.34886035323143005,115,0.6706827309236948,0.14535672962665558,0.34886035323143005,0.5 <= ESA < 0.75,CCS-consistent: L2 + saved train Yes/No offsets
mixed,gemma-2-2b-it,8,0.0035038371570408,True,0.3376884422110552,0.6623115577889447,0.6623115577889447,0.6626506024096386,0.4655693471431732,0.6626506024096386,0.5381526104417671,0.6506024096385542,0.1046527624130249,0.0016877331072464585,0.3631129860877991,115,0.6626506024096386,0.1046527624130249,0.3631129860877991,0.5 <= ESA < 0.75,CCS-consistent: L2 + saved train Yes/No offsets
mixed,gemma-2-2b-it,9,0.0026453235186636,False,0.671356783919598,0.328643216080402,0.671356783919598,0.6706827309236948,0.4480805695056915,0.6706827309236948,0.5381526104417671,0.642570281124498,0.14496667683124542,0.0015740414382889867,0.3286839425563812,115,0.6706827309236948,0.14496667683124542,0.3286839425563812,0.5 <= ESA < 0.75,CCS-consistent: L2 + saved train Yes/No offsets
mixed,gemma-2-2b-it,10,0.0025982540100812,True,0.3296482412060301,0.6703517587939698,0.6703517587939698,0.678714859437751,0.4075914323329925,0.678714859437751,0.5381526104417671,0.6345381526104418,0.14655576646327972,0.0017777134198695421,0.3477885127067566,115,0.678714859437751,0.14655576646327972,0.3477885127067566,0.5 <= ESA < 0.75,CCS-consistent: L2 + saved train Yes/No offsets
mixed,gemma-2-2b-it,11,0.00278239720501,True,0.3326633165829146,0.6673366834170854,0.6673366834170854,0.6746987951807228,0.3993127346038818,0.6746987951807228,0.5381526104417671,0.6385542168674698,0.12630805373191833,0.0030984331388026476,0.3511785864830017,115,0.6746987951807228,0.12630805373191833,0.3511785864830017,0.5 <= ESA < 0.75,CCS-consistent: L2 + saved train Yes/No offsets
mixed,gemma-2-2b-it,12,0.0026062997058033,True,0.3266331658291457,0.6733668341708543,0.6733668341708543,0.6706827309236948,0.3585230112075805,0.6706827309236948,0.5381526104417671,0.642570281124498,0.04903550073504448,0.0027035835664719343,0.35255542397499084,115,0.6706827309236948,0.04903550073504448,0.35255542397499084,0.5 <= ESA < 0.75,CCS-consistent: L2 + saved train Yes/No offsets
mixed,gemma-2-2b-it,13,0.0024583339691162,True,0.0442211055276381,0.955778894472362,0.955778894472362,0.9477911646586346,0.2309352457523346,0.9477911646586346,0.5381526104417671,0.4939759036144578,0.04095834493637085,0.0002931095950771123,0.09012921154499054,115,0.9477911646586346,0.04095834493637085,0.09012921154499054,strong ESA (>= 0.75),CCS-consistent: L2 + saved train Yes/No offsets
mixed,gemma-2-2b-it,14,0.001515902695246,True,0.0271356783919597,0.9728643216080402,0.9728643216080402,0.9558232931726908,0.2595592439174652,0.9558232931726908,0.5381526104417671,0.5100401606425703,0.019237207248806953,0.00014339564950205386,0.07566656917333603,115,0.9558232931726908,0.019237207248806953,0.07566656917333603,strong ESA (>= 0.75),CCS-consistent: L2 + saved train Yes/No offsets
mixed,gemma-2-2b-it,15,0.0013612085022032,True,0.0251256281407035,0.9748743718592964,0.9748743718592964,0.963855421686747,0.2871193289756775,0.963855421686747,0.5381526104417671,0.5180722891566265,0.026844477280974388,0.00012763409176841378,0.06911928951740265,115,0.963855421686747,0.026844477280974388,0.06911928951740265,strong ESA (>= 0.75),CCS-consistent: L2 + saved train Yes/No offsets
mixed,gemma-2-2b-it,16,0.0016400800086557,True,0.0241206030150753,0.9758793969849248,0.9758793969849248,0.9678714859437751,0.2727534770965576,0.9678714859437751,0.5381526104417671,0.5140562248995983,0.007290957495570183,0.00016718386905267835,0.06886248290538788,115,0.9678714859437751,0.007290957495570183,0.06886248290538788,strong ESA (>= 0.75),CCS-consistent: L2 + saved train Yes/No offsets
mixed,gemma-2-2b-it,17,0.0016606885474175,False,0.9748743718592964,0.0251256281407035,0.9748743718592964,0.9678714859437751,0.2543692588806152,0.9678714859437751,0.5381526104417671,0.5140562248995983,0.006882456596940756,0.0002445336722303182,0.04633422940969467,115,0.9678714859437751,0.006882456596940756,0.04633422940969467,strong ESA (>= 0.75),CCS-consistent: L2 + saved train Yes/No offsets
mixed,gemma-2-2b-it,18,0.001912398263812,False,0.9748743718592964,0.0251256281407035,0.9748743718592964,0.9678714859437751,0.2318547219038009,0.9678714859437751,0.5381526104417671,0.5140562248995983,0.0070254928432404995,0.00024129610392265022,0.05030718445777893,115,0.9678714859437751,0.0070254928432404995,0.05030718445777893,strong ESA (>= 0.75),CCS-consistent: L2 + saved train Yes/No offsets
mixed,gemma-2-2b-it,19,0.0023303530178964,True,0.0271356783919597,0.9728643216080402,0.9728643216080402,0.963855421686747,0.2172069698572158,0.963855421686747,0.5381526104417671,0.5100401606425703,0.02416582964360714,0.0004274799721315503,0.08103393018245697,115,0.963855421686747,0.02416582964360714,0.08103393018245697,strong ESA (>= 0.75),CCS-consistent: L2 + saved train Yes/No offsets
mixed,gemma-2-2b-it,20,0.0022308509796857,False,0.9748743718592964,0.0251256281407035,0.9748743718592964,0.963855421686747,0.2143369615077972,0.963855421686747,0.5381526104417671,0.5100401606425703,0.02284858003258705,0.0004115439369343221,0.051845207810401917,115,0.963855421686747,0.02284858003258705,0.051845207810401917,strong ESA (>= 0.75),CCS-consistent: L2 + saved train Yes/No offsets
mixed,gemma-2-2b-it,21,0.0024869213812053,True,0.0271356783919597,0.9728643216080402,0.9728643216080402,0.9678714859437751,0.2022123485803604,0.9678714859437751,0.5381526104417671,0.5140562248995983,0.02356884628534317,0.000406626146286726,0.08151854574680328,115,0.9678714859437751,0.02356884628534317,0.08151854574680328,strong ESA (>= 0.75),CCS-consistent: L2 + saved train Yes/No offsets
mixed,gemma-2-2b-it,22,0.0023802309297025,True,0.0241206030150753,0.9758793969849248,0.9758793969849248,0.963855421686747,0.2060518562793731,0.963855421686747,0.5381526104417671,0.5180722891566265,0.02177547663450241,0.0004317522398196161,0.07339397072792053,115,0.963855421686747,0.02177547663450241,0.07339397072792053,strong ESA (>= 0.75),CCS-consistent: L2 + saved train Yes/No offsets
mixed,gemma-2-2b-it,23,0.0023690117523074,False,0.9738693467336684,0.0261306532663316,0.9738693467336684,0.9678714859437751,0.1883530467748642,0.9678714859437751,0.5381526104417671,0.5140562248995983,0.025722578167915344,0.0004238815454300493,0.05574033036828041,115,0.9678714859437751,0.025722578167915344,0.05574033036828041,strong ESA (>= 0.75),CCS-consistent: L2 + saved train Yes/No offsets
mixed,gemma-2-2b-it,24,0.002255864907056,False,0.9738693467336684,0.0261306532663316,0.9738693467336684,0.9598393574297188,0.1894904226064682,0.9598393574297188,0.5381526104417671,0.5140562248995983,0.026677431538701057,0.0006213604938238859,0.05710913985967636,115,0.9598393574297188,0.026677431538701057,0.05710913985967636,strong ESA (>= 0.75),CCS-consistent: L2 + saved train Yes/No offsets
mixed,gemma-2-2b-it,25,0.003111511003226,False,0.9728643216080402,0.0271356783919597,0.9728643216080402,0.9598393574297188,0.1881235241889953,0.9598393574297188,0.5381526104417671,0.5140562248995983,0.027719061821699142,0.0004957254859618843,0.06184541434049606,115,0.9598393574297188,0.027719061821699142,0.06184541434049606,strong ESA (>= 0.75),CCS-consistent: L2 + saved train Yes/No offsets
mixed,gemma-2-2b-it,26,0.0052914982661604,True,0.029145728643216,0.970854271356784,0.970854271356784,0.9598393574297188,0.171324998140335,0.9598393574297188,0.5381526104417671,0.5140562248995983,0.029480908066034317,0.0014344854280352592,0.1079343631863594,115,0.9598393574297188,0.029480908066034317,0.1079343631863594,strong ESA (>= 0.75),CCS-consistent: L2 + saved train Yes/No offsets
