layer,ccs_loss,orientation_flipped,train_accuracy_raw,train_accuracy_flipped,train_orientation_accuracy,accuracy,silhouette,latent_vs_true,behavioral_vs_true,latent_vs_behavioral,polar_consistency_↓,abs_agreement_score,contradiction_idx_↓,pa_pair_count,ccs_accuracy,dataset,model,esa,pc,ci,esa_sample_count,esa_preprocessing
0,0.1996398419141769,True,0.5095477386934674,0.5105527638190954,0.5105527638190954,0.5,0.0,0.4618473895582329,0.8714859437751004,0.3333333333333333,0.0,0.0,0.3156019449234009,115,0.5381526104417671,mixed,gemma-2-9b-it,0.5,0.0,0.3156019449234009,230,Reference: L2 + separate mean of each A/notA Yes/No group
1,0.0912366062402725,False,0.5668341708542713,0.4331658291457286,0.5668341708542713,0.5217391304347826,0.2572928667068481,0.5421686746987951,0.8714859437751004,0.5100401606425703,0.0935275852680206,0.0863652974367141,0.4427964985370636,115,0.5421686746987951,mixed,gemma-2-9b-it,0.5217391304347826,0.0935275852680206,0.4427964985370636,230,Reference: L2 + separate mean of each A/notA Yes/No group
2,0.040843054652214,True,0.3849246231155779,0.6150753768844222,0.6150753768844222,0.5043478260869565,0.1747199296951294,0.6104417670682731,0.8714859437751004,0.642570281124498,0.2654948234558105,0.2892921566963196,0.5712657570838928,115,0.6104417670682731,mixed,gemma-2-9b-it,0.5043478260869565,0.2654948234558105,0.5712657570838928,230,Reference: L2 + separate mean of each A/notA Yes/No group
3,0.0305927991867065,False,0.6311557788944724,0.3688442211055276,0.6311557788944724,0.5391304347826087,0.2975747585296631,0.6024096385542169,0.8714859437751004,0.5943775100401606,0.3681366443634033,0.43303382396698,0.5908400416374207,115,0.6024096385542169,mixed,gemma-2-9b-it,0.5391304347826087,0.3681366443634033,0.5908400416374207,230,Reference: L2 + separate mean of each A/notA Yes/No group
4,0.0240192487835884,False,0.6301507537688442,0.3698492462311558,0.6301507537688442,0.5565217391304348,0.2962330281734466,0.5983935742971888,0.8714859437751004,0.606425702811245,0.3825220465660095,0.4364737272262573,0.6061795353889465,115,0.5983935742971888,mixed,gemma-2-9b-it,0.5565217391304348,0.3825220465660095,0.6061795353889465,230,Reference: L2 + separate mean of each A/notA Yes/No group
5,0.021217780187726,False,0.6211055276381909,0.378894472361809,0.6211055276381909,0.5434782608695652,0.2507609128952026,0.5983935742971888,0.8714859437751004,0.5903614457831325,0.3821514546871185,0.4623065292835235,0.5946491360664368,115,0.5983935742971888,mixed,gemma-2-9b-it,0.5434782608695652,0.3821514546871185,0.5946491360664368,230,Reference: L2 + separate mean of each A/notA Yes/No group
6,0.0197505429387092,False,0.6603015075376885,0.3396984924623115,0.6603015075376885,0.5173913043478261,0.2064109146595001,0.6506024096385542,0.8714859437751004,0.6506024096385542,0.3520778119564056,0.3679119944572449,0.5847359299659729,115,0.6506024096385542,mixed,gemma-2-9b-it,0.5173913043478261,0.3520778119564056,0.5847359299659729,230,Reference: L2 + separate mean of each A/notA Yes/No group
7,0.004326457157731,False,0.6572864321608041,0.342713567839196,0.6572864321608041,0.6434782608695652,0.2595188617706299,0.6706827309236948,0.8714859437751004,0.5903614457831325,0.1973415613174438,0.03933035582304,0.3512164354324341,115,0.6706827309236948,mixed,gemma-2-9b-it,0.6434782608695652,0.1973415613174438,0.3512164354324341,230,Reference: L2 + separate mean of each A/notA Yes/No group
8,0.0021879780106246,True,0.3336683417085427,0.6663316582914572,0.6663316582914572,0.6521739130434783,0.6020058989524841,0.678714859437751,0.8714859437751004,0.5983935742971888,0.205667108297348,0.0348892956972122,0.3387967050075531,115,0.678714859437751,mixed,gemma-2-9b-it,0.6521739130434783,0.205667108297348,0.3387967050075531,230,Reference: L2 + separate mean of each A/notA Yes/No group
9,0.002036718185991,True,0.3326633165829146,0.6673366834170854,0.6673366834170854,0.6434782608695653,0.5887643098831177,0.678714859437751,0.8714859437751004,0.5983935742971888,0.2301963418722152,0.0351691506803035,0.3518476486206054,115,0.678714859437751,mixed,gemma-2-9b-it,0.6434782608695653,0.2301963418722152,0.3518476486206054,230,Reference: L2 + separate mean of each A/notA Yes/No group
10,0.0020110143814235,True,0.3326633165829146,0.6673366834170854,0.6673366834170854,0.6478260869565218,0.5809808969497681,0.6827309236947792,0.8714859437751004,0.6024096385542169,0.239265576004982,0.0403610207140445,0.3544229567050934,115,0.6827309236947792,mixed,gemma-2-9b-it,0.6478260869565218,0.239265576004982,0.3544229567050934,230,Reference: L2 + separate mean of each A/notA Yes/No group
11,0.0017600029241293,True,0.3306532663316583,0.6693467336683417,0.6693467336683417,0.6434782608695653,0.5866004228591919,0.678714859437751,0.8714859437751004,0.5983935742971888,0.2289447784423828,0.0471311546862125,0.356221467256546,115,0.678714859437751,mixed,gemma-2-9b-it,0.6434782608695653,0.2289447784423828,0.356221467256546,230,Reference: L2 + separate mean of each A/notA Yes/No group
12,0.0017575724050402,False,0.6683417085427136,0.3316582914572864,0.6683417085427136,0.6304347826086957,0.6006128787994385,0.6746987951807228,0.8714859437751004,0.5943775100401606,0.2298259288072586,0.0427926294505596,0.382190078496933,115,0.6746987951807228,mixed,gemma-2-9b-it,0.6304347826086957,0.2298259288072586,0.382190078496933,230,Reference: L2 + separate mean of each A/notA Yes/No group
13,0.0014805470127612,False,0.6693467336683417,0.3306532663316583,0.6693467336683417,0.6391304347826087,0.5700984001159668,0.6746987951807228,0.8714859437751004,0.5943775100401606,0.2300692349672317,0.0285687204450368,0.3772502541542053,115,0.6746987951807228,mixed,gemma-2-9b-it,0.6391304347826087,0.2300692349672317,0.3772502541542053,230,Reference: L2 + separate mean of each A/notA Yes/No group
14,0.0011630262015387,True,0.3266331658291457,0.6733668341708543,0.6733668341708543,0.6434782608695653,0.5582501888275146,0.6827309236947792,0.8714859437751004,0.6024096385542169,0.2625218629837036,0.0533322691917419,0.3526207506656647,115,0.6827309236947792,mixed,gemma-2-9b-it,0.6434782608695653,0.2625218629837036,0.3526207506656647,230,Reference: L2 + separate mean of each A/notA Yes/No group
15,0.001210993155837,True,0.3276381909547738,0.6723618090452261,0.6723618090452261,0.6391304347826087,0.5246871709823608,0.6827309236947792,0.8714859437751004,0.6024096385542169,0.2593258619308471,0.061846274882555,0.353588193655014,115,0.6827309236947792,mixed,gemma-2-9b-it,0.6391304347826087,0.2593258619308471,0.353588193655014,230,Reference: L2 + separate mean of each A/notA Yes/No group
16,0.0014829067513346,True,0.3256281407035176,0.6743718592964824,0.6743718592964824,0.6521739130434783,0.5318852066993713,0.6827309236947792,0.8714859437751004,0.6024096385542169,0.2668917179107666,0.0568037442862987,0.354646772146225,115,0.6827309236947792,mixed,gemma-2-9b-it,0.6521739130434783,0.2668917179107666,0.354646772146225,230,Reference: L2 + separate mean of each A/notA Yes/No group
17,0.001613626955077,False,0.6844221105527638,0.3155778894472362,0.6844221105527638,0.6347826086956522,0.5026531219482422,0.6907630522088354,0.8714859437751004,0.6104417670682731,0.224359318614006,0.0449349954724311,0.3821668624877929,115,0.6907630522088354,mixed,gemma-2-9b-it,0.6347826086956522,0.224359318614006,0.3821668624877929,230,Reference: L2 + separate mean of each A/notA Yes/No group
18,0.0012924415059387,False,0.6773869346733669,0.3226130653266331,0.6773869346733669,0.6478260869565218,0.4502431750297546,0.6706827309236948,0.8714859437751004,0.5903614457831325,0.2591339647769928,0.0459481701254844,0.3901091516017914,115,0.6706827309236948,mixed,gemma-2-9b-it,0.6478260869565218,0.2591339647769928,0.3901091516017914,230,Reference: L2 + separate mean of each A/notA Yes/No group
19,0.0013546366244554,True,0.3175879396984924,0.6824120603015076,0.6824120603015076,0.6391304347826087,0.3829122483730316,0.6867469879518072,0.8714859437751004,0.606425702811245,0.2415060997009277,0.0601126141846179,0.3582646250724792,115,0.6867469879518072,mixed,gemma-2-9b-it,0.6391304347826087,0.2415060997009277,0.3582646250724792,230,Reference: L2 + separate mean of each A/notA Yes/No group
20,0.0009901496814563,False,0.9728643216080402,0.0271356783919597,0.9728643216080402,0.5869565217391305,0.2895382642745971,0.9799196787148594,0.8714859437751004,0.8594377510040161,0.0614020302891731,0.0782686695456504,0.3833149969577789,115,0.9799196787148594,mixed,gemma-2-9b-it,0.5869565217391305,0.0614020302891731,0.3833149969577789,230,Reference: L2 + separate mean of each A/notA Yes/No group
21,0.001380548113957,False,0.9618090452261306,0.0381909547738693,0.9618090452261306,0.6130434782608696,0.3404543101787567,0.963855421686747,0.8714859437751004,0.8433734939759037,0.0631143301725387,0.1154061630368232,0.4239546656608581,115,0.963855421686747,mixed,gemma-2-9b-it,0.6130434782608696,0.0631143301725387,0.4239546656608581,230,Reference: L2 + separate mean of each A/notA Yes/No group
22,0.0009306994616053,False,0.971859296482412,0.0281407035175879,0.971859296482412,0.6304347826086957,0.3385705947875976,0.9759036144578314,0.8714859437751004,0.8554216867469879,0.0265188328921794,0.089083507657051,0.3684118986129761,115,0.9759036144578314,mixed,gemma-2-9b-it,0.6304347826086957,0.0265188328921794,0.3684118986129761,230,Reference: L2 + separate mean of each A/notA Yes/No group
23,0.0010119172511622,True,0.0231155778894472,0.9768844221105528,0.9768844221105528,0.6173913043478261,0.3497012257575989,0.9759036144578314,0.8714859437751004,0.8554216867469879,0.0306094493716955,0.0880683735013008,0.4151999354362488,115,0.9759036144578314,mixed,gemma-2-9b-it,0.6173913043478261,0.0306094493716955,0.4151999354362488,230,Reference: L2 + separate mean of each A/notA Yes/No group
24,0.001056816545315,False,0.9748743718592964,0.0251256281407035,0.9748743718592964,0.6,0.38361856341362,0.9799196787148594,0.8714859437751004,0.8594377510040161,0.0279536191374063,0.0925725847482681,0.4028393030166626,115,0.9799196787148594,mixed,gemma-2-9b-it,0.6,0.0279536191374063,0.4028393030166626,230,Reference: L2 + separate mean of each A/notA Yes/No group
25,0.0011800224892795,False,0.9758793969849248,0.0241206030150753,0.9758793969849248,0.6304347826086957,0.3819864988327026,0.9759036144578314,0.8714859437751004,0.8634538152610441,0.0306893847882747,0.0869046971201896,0.3904558718204498,115,0.9759036144578314,mixed,gemma-2-9b-it,0.6304347826086957,0.0306893847882747,0.3904558718204498,230,Reference: L2 + separate mean of each A/notA Yes/No group
26,0.0011112547945231,False,0.9748743718592964,0.0251256281407035,0.9748743718592964,0.6304347826086957,0.368300586938858,0.9718875502008032,0.8714859437751004,0.8594377510040161,0.0558117143809795,0.0739603042602539,0.3890299201011657,115,0.9718875502008032,mixed,gemma-2-9b-it,0.6304347826086957,0.0558117143809795,0.3890299201011657,230,Reference: L2 + separate mean of each A/notA Yes/No group
27,0.001110746175982,False,0.9728643216080402,0.0271356783919597,0.9728643216080402,0.6347826086956522,0.3570878505706787,0.9678714859437751,0.8714859437751004,0.8554216867469879,0.0559903383255004,0.1152563989162445,0.4160053431987762,115,0.9678714859437751,mixed,gemma-2-9b-it,0.6347826086956522,0.0559903383255004,0.4160053431987762,230,Reference: L2 + separate mean of each A/notA Yes/No group
28,0.0012785316212102,False,0.9738693467336684,0.0261306532663316,0.9738693467336684,0.6086956521739131,0.3551332950592041,0.963855421686747,0.8714859437751004,0.8514056224899599,0.0715734660625457,0.0947358459234237,0.402511715888977,115,0.963855421686747,mixed,gemma-2-9b-it,0.6086956521739131,0.0715734660625457,0.402511715888977,230,Reference: L2 + separate mean of each A/notA Yes/No group
29,0.0013982219388708,False,0.9728643216080402,0.0271356783919597,0.9728643216080402,0.6173913043478261,0.3362911343574524,0.963855421686747,0.8714859437751004,0.8514056224899599,0.0629078596830368,0.0878576040267944,0.3934323787689209,115,0.963855421686747,mixed,gemma-2-9b-it,0.6173913043478261,0.0629078596830368,0.3934323787689209,230,Reference: L2 + separate mean of each A/notA Yes/No group
30,0.0014467996079474,False,0.971859296482412,0.0281407035175879,0.971859296482412,0.6391304347826087,0.3437768518924713,0.9718875502008032,0.8714859437751004,0.8514056224899599,0.0750683844089508,0.1187431514263153,0.3938762247562408,115,0.9718875502008032,mixed,gemma-2-9b-it,0.6391304347826087,0.0750683844089508,0.3938762247562408,230,Reference: L2 + separate mean of each A/notA Yes/No group
31,0.0014363513328135,False,0.9698492462311558,0.0301507537688442,0.9698492462311558,0.6043478260869565,0.3449617028236389,0.9718875502008032,0.8714859437751004,0.8514056224899599,0.0465477034449577,0.096666008234024,0.402428925037384,115,0.9718875502008032,mixed,gemma-2-9b-it,0.6043478260869565,0.0465477034449577,0.402428925037384,230,Reference: L2 + separate mean of each A/notA Yes/No group
32,0.0014487277949228,True,0.0321608040201005,0.9678391959798996,0.9678391959798996,0.6217391304347826,0.3265958726406097,0.9678714859437751,0.8714859437751004,0.8473895582329317,0.0660862177610397,0.105769082903862,0.4502183794975281,115,0.9678714859437751,mixed,gemma-2-9b-it,0.6217391304347826,0.0660862177610397,0.4502183794975281,230,Reference: L2 + separate mean of each A/notA Yes/No group
33,0.0013524759560823,True,0.0331658291457286,0.9668341708542714,0.9668341708542714,0.6086956521739131,0.315735787153244,0.963855421686747,0.8714859437751004,0.8433734939759037,0.0655610486865043,0.1290446072816848,0.4729292094707489,115,0.963855421686747,mixed,gemma-2-9b-it,0.6086956521739131,0.0655610486865043,0.4729292094707489,230,Reference: L2 + separate mean of each A/notA Yes/No group
34,0.0015129771782085,True,0.0341708542713567,0.9658291457286432,0.9658291457286432,0.6130434782608696,0.3122954666614532,0.9678714859437751,0.8714859437751004,0.8473895582329317,0.0706333294510841,0.094080276787281,0.4511528015136719,115,0.9678714859437751,mixed,gemma-2-9b-it,0.6130434782608696,0.0706333294510841,0.4511528015136719,230,Reference: L2 + separate mean of each A/notA Yes/No group
35,0.0012625639792531,True,0.0321608040201005,0.9678391959798996,0.9678391959798996,0.5956521739130435,0.3053910136222839,0.963855421686747,0.8714859437751004,0.8433734939759037,0.0695524886250495,0.1252616345882415,0.4725817739963531,115,0.963855421686747,mixed,gemma-2-9b-it,0.5956521739130435,0.0695524886250495,0.4725817739963531,230,Reference: L2 + separate mean of each A/notA Yes/No group
36,0.0012421139981597,True,0.0321608040201005,0.9678391959798996,0.9678391959798996,0.6173913043478261,0.3088924884796142,0.963855421686747,0.8714859437751004,0.8433734939759037,0.0576851814985275,0.1214686259627342,0.4621514678001404,115,0.963855421686747,mixed,gemma-2-9b-it,0.6173913043478261,0.0576851814985275,0.4621514678001404,230,Reference: L2 + separate mean of each A/notA Yes/No group
37,0.0012876961845904,False,0.9668341708542714,0.0331658291457286,0.9668341708542714,0.6130434782608696,0.3089735507965088,0.9598393574297188,0.8714859437751004,0.8473895582329317,0.0777758359909057,0.1119565889239311,0.3992616832256317,115,0.9598393574297188,mixed,gemma-2-9b-it,0.6130434782608696,0.0777758359909057,0.3992616832256317,230,Reference: L2 + separate mean of each A/notA Yes/No group
38,0.0013718218542635,True,0.0321608040201005,0.9678391959798996,0.9678391959798996,0.6130434782608696,0.3029232621192932,0.963855421686747,0.8714859437751004,0.8433734939759037,0.0451125428080558,0.1022185012698173,0.4585225582122803,115,0.963855421686747,mixed,gemma-2-9b-it,0.6130434782608696,0.0451125428080558,0.4585225582122803,230,Reference: L2 + separate mean of each A/notA Yes/No group
39,0.0013283740263432,False,0.9688442211055276,0.0311557788944723,0.9688442211055276,0.6086956521739131,0.3074955940246582,0.963855421686747,0.8714859437751004,0.8433734939759037,0.0535503067076206,0.1157172322273254,0.3982590436935425,115,0.963855421686747,mixed,gemma-2-9b-it,0.6086956521739131,0.0535503067076206,0.3982590436935425,230,Reference: L2 + separate mean of each A/notA Yes/No group
40,0.0015198041219264,True,0.0311557788944723,0.9688442211055276,0.9688442211055276,0.5869565217391304,0.2987101376056671,0.963855421686747,0.8714859437751004,0.8433734939759037,0.0706314966082573,0.1088256388902664,0.4718924462795257,115,0.963855421686747,mixed,gemma-2-9b-it,0.5869565217391304,0.0706314966082573,0.4718924462795257,230,Reference: L2 + separate mean of each A/notA Yes/No group
41,0.0019513969309628,True,0.0321608040201005,0.9678391959798996,0.9678391959798996,0.6086956521739131,0.2909413576126098,0.963855421686747,0.8714859437751004,0.8433734939759037,0.0368359312415123,0.0988181605935096,0.4582030773162842,115,0.963855421686747,mixed,gemma-2-9b-it,0.6086956521739131,0.0368359312415123,0.4582030773162842,230,Reference: L2 + separate mean of each A/notA Yes/No group
42,0.0009109277161769,True,0.0341708542713567,0.9658291457286432,0.9658291457286432,0.6,0.2840393781661987,0.963855421686747,0.8714859437751004,0.8433734939759037,0.0878021493554115,0.1449523568153381,0.4713006019592285,115,0.963855421686747,mixed,gemma-2-9b-it,0.6,0.0878021493554115,0.4713006019592285,230,Reference: L2 + separate mean of each A/notA Yes/No group
