model,layer,relative_depth,depth_category,latent_accuracy,behavioral_accuracy,latent_behavioral_agreement,latent_predicted_harmful_rate,n_samples
DeBERTa hate-tuned,1,0.0,Very early,0.606425702811245,0.6666666666666666,0.5783132530120482,0.40963855421686746,249
DeBERTa hate-tuned,2,0.043478260869565216,Very early,0.5341365461847389,0.6666666666666666,0.40963855421686746,0.6184738955823293,249
DeBERTa hate-tuned,3,0.08695652173913043,Very early,0.5220883534136547,0.6666666666666666,0.5261044176706827,0.46987951807228917,249
DeBERTa hate-tuned,4,0.13043478260869565,Very early,0.5742971887550201,0.6666666666666666,0.5060240963855421,0.4979919678714859,249
DeBERTa hate-tuned,5,0.17391304347826086,Very early,0.5783132530120482,0.6666666666666666,0.5341365461847389,0.42168674698795183,249
DeBERTa hate-tuned,6,0.21739130434782608,Early,0.570281124497992,0.6666666666666666,0.5180722891566265,0.4939759036144578,249
DeBERTa hate-tuned,7,0.2608695652173913,Early,0.5542168674698795,0.6666666666666666,0.5502008032128514,0.46184738955823296,249
DeBERTa hate-tuned,8,0.30434782608695654,Early,0.5582329317269076,0.6666666666666666,0.5461847389558233,0.46586345381526106,249
DeBERTa hate-tuned,9,0.34782608695652173,Early,0.4979919678714859,0.6666666666666666,0.4779116465863454,0.5180722891566265,249
DeBERTa hate-tuned,10,0.391304347826087,Early,0.5421686746987951,0.6666666666666666,0.5381526104417671,0.4979919678714859,249
DeBERTa hate-tuned,11,0.43478260869565216,Middle,0.5461847389558233,0.6666666666666666,0.5662650602409639,0.41365461847389556,249
DeBERTa hate-tuned,12,0.4782608695652174,Middle,0.5783132530120482,0.6666666666666666,0.5180722891566265,0.4779116465863454,249
DeBERTa hate-tuned,13,0.5217391304347826,Middle,0.6345381526104418,0.6666666666666666,0.5582329317269076,0.4939759036144578,249
DeBERTa hate-tuned,14,0.5652173913043478,Middle,0.6265060240963856,0.6666666666666666,0.46987951807228917,0.5903614457831325,249
DeBERTa hate-tuned,15,0.6086956521739131,Late,0.5180722891566265,0.6666666666666666,0.5542168674698795,0.44176706827309237,249
DeBERTa hate-tuned,16,0.6521739130434783,Late,0.5903614457831325,0.6666666666666666,0.5461847389558233,0.4899598393574297,249
DeBERTa hate-tuned,17,0.6956521739130435,Late,0.6907630522088354,0.6666666666666666,0.5903614457831325,0.46184738955823296,249
DeBERTa hate-tuned,18,0.7391304347826086,Late,0.7670682730923695,0.6666666666666666,0.6586345381526104,0.43373493975903615,249
DeBERTa hate-tuned,19,0.782608695652174,Late,0.6265060240963856,0.6666666666666666,0.6144578313253012,0.42168674698795183,249
DeBERTa hate-tuned,20,0.8260869565217391,Very late,0.963855421686747,0.6666666666666666,0.7028112449799196,0.5020080321285141,249
DeBERTa hate-tuned,21,0.8695652173913043,Very late,0.9518072289156626,0.6666666666666666,0.7068273092369478,0.5060240963855421,249
DeBERTa hate-tuned,22,0.9130434782608695,Very late,0.8795180722891566,0.6666666666666666,0.6907630522088354,0.44176706827309237,249
DeBERTa hate-tuned,23,0.9565217391304348,Very late,0.8795180722891566,0.6666666666666666,0.6827309236947792,0.4497991967871486,249
DeBERTa hate-tuned,24,1.0,Very late,0.8795180722891566,0.6666666666666666,0.6666666666666666,0.4899598393574297,249
Gemma 2 2B,1,0.0,Very early,0.5943775100401606,0.5341365461847389,0.6265060240963856,0.6224899598393574,249
Gemma 2 2B,2,0.04,Very early,0.5983935742971888,0.5341365461847389,0.5742971887550201,0.5863453815261044,249
Gemma 2 2B,3,0.08,Very early,0.6305220883534136,0.5341365461847389,0.5903614457831325,0.6024096385542169,249
Gemma 2 2B,4,0.12,Very early,0.6546184738955824,0.5341365461847389,0.5903614457831325,0.6104417670682731,249
Gemma 2 2B,5,0.16,Very early,0.642570281124498,0.5341365461847389,0.5863453815261044,0.606425702811245,249
Gemma 2 2B,6,0.2,Very early,0.6666666666666666,0.5341365461847389,0.642570281124498,0.6465863453815262,249
Gemma 2 2B,7,0.24,Early,0.6706827309236948,0.5341365461847389,0.6465863453815262,0.6506024096385542,249
Gemma 2 2B,8,0.28,Early,0.6586345381526104,0.5341365461847389,0.6506024096385542,0.6546184738955824,249
Gemma 2 2B,9,0.32,Early,0.6706827309236948,0.5341365461847389,0.6385542168674698,0.642570281124498,249
Gemma 2 2B,10,0.36,Early,0.6746987951807228,0.5341365461847389,0.6265060240963856,0.6305220883534136,249
Gemma 2 2B,11,0.4,Early,0.6706827309236948,0.5341365461847389,0.6305220883534136,0.6345381526104418,249
Gemma 2 2B,12,0.44,Middle,0.6746987951807228,0.5341365461847389,0.6345381526104418,0.6385542168674698,249
Gemma 2 2B,13,0.48,Middle,0.6746987951807228,0.5341365461847389,0.6265060240963856,0.6305220883534136,249
Gemma 2 2B,14,0.52,Middle,0.6827309236947792,0.5341365461847389,0.6184738955823293,0.6224899598393574,249
Gemma 2 2B,15,0.56,Middle,0.6706827309236948,0.5341365461847389,0.6224899598393574,0.6265060240963856,249
Gemma 2 2B,16,0.6,Middle,0.6746987951807228,0.5341365461847389,0.6184738955823293,0.6224899598393574,249
Gemma 2 2B,17,0.64,Late,0.8835341365461847,0.5341365461847389,0.5060240963855421,0.5100401606425703,249
Gemma 2 2B,18,0.68,Late,0.8714859437751004,0.5341365461847389,0.5020080321285141,0.5060240963855421,249
Gemma 2 2B,19,0.72,Late,0.8714859437751004,0.5341365461847389,0.5020080321285141,0.5060240963855421,249
Gemma 2 2B,20,0.76,Late,0.8755020080321285,0.5341365461847389,0.5060240963855421,0.5100401606425703,249
Gemma 2 2B,21,0.8,Late,0.8875502008032129,0.5341365461847389,0.4939759036144578,0.4979919678714859,249
Gemma 2 2B,22,0.84,Very late,0.8755020080321285,0.5341365461847389,0.4899598393574297,0.4939759036144578,249
Gemma 2 2B,23,0.88,Very late,0.8594377510040161,0.5341365461847389,0.5060240963855421,0.5100401606425703,249
Gemma 2 2B,24,0.92,Very late,0.8714859437751004,0.5341365461847389,0.5020080321285141,0.5060240963855421,249
Gemma 2 2B,25,0.96,Very late,0.8433734939759037,0.5341365461847389,0.4819277108433735,0.4859437751004016,249
Gemma 2 2B,26,1.0,Very late,0.8634538152610441,0.5341365461847389,0.5020080321285141,0.5060240963855421,249
Gemma 2 2B IT,1,0.0,Very early,0.5461847389558233,0.5903614457831325,0.5622489959839357,0.5502008032128514,249
Gemma 2 2B IT,2,0.04,Very early,0.6144578313253012,0.5903614457831325,0.5582329317269076,0.5301204819277109,249
Gemma 2 2B IT,3,0.08,Very early,0.6224899598393574,0.5903614457831325,0.6224899598393574,0.5943775100401606,249
Gemma 2 2B IT,4,0.12,Very early,0.6184738955823293,0.5903614457831325,0.6265060240963856,0.5983935742971888,249
Gemma 2 2B IT,5,0.16,Very early,0.642570281124498,0.5903614457831325,0.6184738955823293,0.5903614457831325,249
Gemma 2 2B IT,6,0.2,Very early,0.678714859437751,0.5903614457831325,0.5823293172690763,0.6345381526104418,249
Gemma 2 2B IT,7,0.24,Early,0.6706827309236948,0.5903614457831325,0.5903614457831325,0.642570281124498,249
Gemma 2 2B IT,8,0.28,Early,0.6626506024096386,0.5903614457831325,0.5983935742971888,0.6506024096385542,249
Gemma 2 2B IT,9,0.32,Early,0.6706827309236948,0.5903614457831325,0.5903614457831325,0.642570281124498,249
Gemma 2 2B IT,10,0.36,Early,0.678714859437751,0.5903614457831325,0.5823293172690763,0.6345381526104418,249
Gemma 2 2B IT,11,0.4,Early,0.6746987951807228,0.5903614457831325,0.5863453815261044,0.6385542168674698,249
Gemma 2 2B IT,12,0.44,Middle,0.6706827309236948,0.5903614457831325,0.5903614457831325,0.642570281124498,249
Gemma 2 2B IT,13,0.48,Middle,0.9477911646586346,0.5903614457831325,0.5542168674698795,0.4939759036144578,249
Gemma 2 2B IT,14,0.52,Middle,0.9558232931726908,0.5903614457831325,0.570281124497992,0.5100401606425703,249
Gemma 2 2B IT,15,0.56,Middle,0.963855421686747,0.5903614457831325,0.5783132530120482,0.5180722891566265,249
Gemma 2 2B IT,16,0.6,Middle,0.9678714859437751,0.5903614457831325,0.5742971887550201,0.5140562248995983,249
Gemma 2 2B IT,17,0.64,Late,0.9678714859437751,0.5903614457831325,0.5742971887550201,0.5140562248995983,249
Gemma 2 2B IT,18,0.68,Late,0.9678714859437751,0.5903614457831325,0.5742971887550201,0.5140562248995983,249
Gemma 2 2B IT,19,0.72,Late,0.963855421686747,0.5903614457831325,0.570281124497992,0.5100401606425703,249
Gemma 2 2B IT,20,0.76,Late,0.963855421686747,0.5903614457831325,0.570281124497992,0.5100401606425703,249
Gemma 2 2B IT,21,0.8,Late,0.9678714859437751,0.5903614457831325,0.5742971887550201,0.5140562248995983,249
Gemma 2 2B IT,22,0.84,Very late,0.963855421686747,0.5903614457831325,0.5783132530120482,0.5180722891566265,249
Gemma 2 2B IT,23,0.88,Very late,0.9678714859437751,0.5903614457831325,0.5742971887550201,0.5140562248995983,249
Gemma 2 2B IT,24,0.92,Very late,0.9598393574297188,0.5903614457831325,0.5742971887550201,0.5140562248995983,249
Gemma 2 2B IT,25,0.96,Very late,0.9598393574297188,0.5903614457831325,0.5742971887550201,0.5140562248995983,249
Gemma 2 2B IT,26,1.0,Very late,0.9598393574297188,0.5903614457831325,0.5742971887550201,0.5140562248995983,249
Gemma 2 9B,1,0.0,Very early,0.5220883534136547,0.46184738955823296,0.4738955823293173,0.5261044176706827,249
Gemma 2 9B,2,0.024390243902439025,Very early,0.5903614457831325,0.46184738955823296,0.4859437751004016,0.5140562248995983,249
Gemma 2 9B,3,0.04878048780487805,Very early,0.6104417670682731,0.46184738955823296,0.44176706827309237,0.5582329317269076,249
Gemma 2 9B,4,0.07317073170731707,Very early,0.6506024096385542,0.46184738955823296,0.44176706827309237,0.5582329317269076,249
Gemma 2 9B,5,0.0975609756097561,Very early,0.6305220883534136,0.46184738955823296,0.43775100401606426,0.5622489959839357,249
Gemma 2 9B,6,0.12195121951219512,Very early,0.6345381526104418,0.46184738955823296,0.42570281124497994,0.5742971887550201,249
Gemma 2 9B,7,0.14634146341463414,Very early,0.678714859437751,0.46184738955823296,0.3815261044176707,0.6184738955823293,249
Gemma 2 9B,8,0.17073170731707318,Very early,0.6827309236947792,0.46184738955823296,0.37751004016064255,0.6224899598393574,249
Gemma 2 9B,9,0.1951219512195122,Very early,0.678714859437751,0.46184738955823296,0.37349397590361444,0.6265060240963856,249
Gemma 2 9B,10,0.21951219512195122,Early,0.678714859437751,0.46184738955823296,0.37349397590361444,0.6265060240963856,249
Gemma 2 9B,11,0.24390243902439024,Early,0.6827309236947792,0.46184738955823296,0.36947791164658633,0.6305220883534136,249
Gemma 2 9B,12,0.2682926829268293,Early,0.6746987951807228,0.46184738955823296,0.3614457831325301,0.6385542168674698,249
Gemma 2 9B,13,0.2926829268292683,Early,0.678714859437751,0.46184738955823296,0.3654618473895582,0.6345381526104418,249
Gemma 2 9B,14,0.3170731707317073,Early,0.6746987951807228,0.46184738955823296,0.3614457831325301,0.6385542168674698,249
Gemma 2 9B,15,0.34146341463414637,Early,0.678714859437751,0.46184738955823296,0.3654618473895582,0.6345381526104418,249
Gemma 2 9B,16,0.36585365853658536,Early,0.6867469879518072,0.46184738955823296,0.3654618473895582,0.6345381526104418,249
Gemma 2 9B,17,0.3902439024390244,Early,0.6867469879518072,0.46184738955823296,0.37349397590361444,0.6265060240963856,249
Gemma 2 9B,18,0.4146341463414634,Middle,0.6706827309236948,0.46184738955823296,0.3493975903614458,0.6506024096385542,249
Gemma 2 9B,19,0.43902439024390244,Middle,0.6706827309236948,0.46184738955823296,0.3493975903614458,0.6506024096385542,249
Gemma 2 9B,20,0.4634146341463415,Middle,0.6666666666666666,0.46184738955823296,0.3453815261044177,0.6546184738955824,249
Gemma 2 9B,21,0.4878048780487805,Middle,0.6666666666666666,0.46184738955823296,0.3453815261044177,0.6546184738955824,249
Gemma 2 9B,22,0.5121951219512195,Middle,0.6706827309236948,0.46184738955823296,0.3493975903614458,0.6506024096385542,249
Gemma 2 9B,23,0.5365853658536586,Middle,0.6706827309236948,0.46184738955823296,0.3493975903614458,0.6506024096385542,249
Gemma 2 9B,24,0.5609756097560976,Middle,0.9437751004016064,0.46184738955823296,0.5100401606425703,0.4899598393574297,249
Gemma 2 9B,25,0.5853658536585366,Middle,0.6746987951807228,0.46184738955823296,0.3453815261044177,0.6546184738955824,249
Gemma 2 9B,26,0.6097560975609756,Late,0.963855421686747,0.46184738955823296,0.4979919678714859,0.5020080321285141,249
Gemma 2 9B,27,0.6341463414634146,Late,0.9558232931726908,0.46184738955823296,0.4979919678714859,0.5020080321285141,249
Gemma 2 9B,28,0.6585365853658537,Late,0.9437751004016064,0.46184738955823296,0.5180722891566265,0.4819277108433735,249
Gemma 2 9B,29,0.6829268292682927,Late,0.9437751004016064,0.46184738955823296,0.5020080321285141,0.4979919678714859,249
Gemma 2 9B,30,0.7073170731707317,Late,0.9397590361445783,0.46184738955823296,0.5140562248995983,0.4859437751004016,249
Gemma 2 9B,31,0.7317073170731707,Late,0.9076305220883534,0.46184738955823296,0.4899598393574297,0.5100401606425703,249
Gemma 2 9B,32,0.7560975609756098,Late,0.9156626506024096,0.46184738955823296,0.4979919678714859,0.5020080321285141,249
Gemma 2 9B,33,0.7804878048780488,Late,0.9036144578313253,0.46184738955823296,0.4859437751004016,0.5140562248995983,249
Gemma 2 9B,34,0.8048780487804879,Very late,0.8995983935742972,0.46184738955823296,0.4819277108433735,0.5180722891566265,249
Gemma 2 9B,35,0.8292682926829268,Very late,0.9076305220883534,0.46184738955823296,0.4738955823293173,0.5261044176706827,249
Gemma 2 9B,36,0.8536585365853658,Very late,0.8755020080321285,0.46184738955823296,0.4578313253012048,0.5421686746987951,249
Gemma 2 9B,37,0.8780487804878049,Very late,0.8875502008032129,0.46184738955823296,0.4538152610441767,0.5461847389558233,249
Gemma 2 9B,38,0.9024390243902439,Very late,0.8875502008032129,0.46184738955823296,0.46987951807228917,0.5301204819277109,249
Gemma 2 9B,39,0.926829268292683,Very late,0.8875502008032129,0.46184738955823296,0.4457831325301205,0.5542168674698795,249
Gemma 2 9B,40,0.9512195121951219,Very late,0.8795180722891566,0.46184738955823296,0.4538152610441767,0.5461847389558233,249
Gemma 2 9B,41,0.975609756097561,Very late,0.8835341365461847,0.46184738955823296,0.4497991967871486,0.5502008032128514,249
Gemma 2 9B,42,1.0,Very late,0.8795180722891566,0.46184738955823296,0.46184738955823296,0.5381526104417671,249
Gemma 2 9B IT,1,0.0,Very early,0.5421686746987951,0.8835341365461847,0.5060240963855421,0.5301204819277109,249
Gemma 2 9B IT,2,0.024390243902439025,Very early,0.6104417670682731,0.8835341365461847,0.6465863453815262,0.5261044176706827,249
Gemma 2 9B IT,3,0.04878048780487805,Very early,0.6024096385542169,0.8835341365461847,0.606425702811245,0.5180722891566265,249
Gemma 2 9B IT,4,0.07317073170731707,Very early,0.5983935742971888,0.8835341365461847,0.6184738955823293,0.5220883534136547,249
Gemma 2 9B IT,5,0.0975609756097561,Very early,0.5983935742971888,0.8835341365461847,0.6024096385542169,0.5301204819277109,249
Gemma 2 9B IT,6,0.12195121951219512,Very early,0.6506024096385542,0.8835341365461847,0.6626506024096386,0.5742971887550201,249
Gemma 2 9B IT,7,0.14634146341463414,Very early,0.6706827309236948,0.8835341365461847,0.5943775100401606,0.6104417670682731,249
Gemma 2 9B IT,8,0.17073170731707318,Very early,0.678714859437751,0.8835341365461847,0.6024096385542169,0.6184738955823293,249
Gemma 2 9B IT,9,0.1951219512195122,Very early,0.678714859437751,0.8835341365461847,0.6024096385542169,0.6184738955823293,249
Gemma 2 9B IT,10,0.21951219512195122,Early,0.6827309236947792,0.8835341365461847,0.606425702811245,0.6224899598393574,249
Gemma 2 9B IT,11,0.24390243902439024,Early,0.678714859437751,0.8835341365461847,0.6024096385542169,0.6265060240963856,249
Gemma 2 9B IT,12,0.2682926829268293,Early,0.6746987951807228,0.8835341365461847,0.5983935742971888,0.6305220883534136,249
Gemma 2 9B IT,13,0.2926829268292683,Early,0.6746987951807228,0.8835341365461847,0.5983935742971888,0.6305220883534136,249
Gemma 2 9B IT,14,0.3170731707317073,Early,0.6827309236947792,0.8835341365461847,0.606425702811245,0.6224899598393574,249
Gemma 2 9B IT,15,0.34146341463414637,Early,0.6827309236947792,0.8835341365461847,0.606425702811245,0.6224899598393574,249
Gemma 2 9B IT,16,0.36585365853658536,Early,0.6827309236947792,0.8835341365461847,0.606425702811245,0.6224899598393574,249
Gemma 2 9B IT,17,0.3902439024390244,Early,0.6907630522088354,0.8835341365461847,0.6144578313253012,0.6305220883534136,249
Gemma 2 9B IT,18,0.4146341463414634,Middle,0.6706827309236948,0.8835341365461847,0.5943775100401606,0.642570281124498,249
Gemma 2 9B IT,19,0.43902439024390244,Middle,0.6867469879518072,0.8835341365461847,0.6104417670682731,0.6265060240963856,249
Gemma 2 9B IT,20,0.4634146341463415,Middle,0.9799196787148594,0.8835341365461847,0.8795180722891566,0.5261044176706827,249
Gemma 2 9B IT,21,0.4878048780487805,Middle,0.963855421686747,0.8835341365461847,0.8634538152610441,0.5100401606425703,249
Gemma 2 9B IT,22,0.5121951219512195,Middle,0.9759036144578314,0.8835341365461847,0.8755020080321285,0.5220883534136547,249
Gemma 2 9B IT,23,0.5365853658536586,Middle,0.9759036144578314,0.8835341365461847,0.8755020080321285,0.5220883534136547,249
Gemma 2 9B IT,24,0.5609756097560976,Middle,0.9799196787148594,0.8835341365461847,0.8795180722891566,0.5261044176706827,249
Gemma 2 9B IT,25,0.5853658536585366,Middle,0.9759036144578314,0.8835341365461847,0.8755020080321285,0.5301204819277109,249
Gemma 2 9B IT,26,0.6097560975609756,Late,0.9718875502008032,0.8835341365461847,0.8714859437751004,0.5261044176706827,249
Gemma 2 9B IT,27,0.6341463414634146,Late,0.9678714859437751,0.8835341365461847,0.8674698795180723,0.5220883534136547,249
Gemma 2 9B IT,28,0.6585365853658537,Late,0.963855421686747,0.8835341365461847,0.8634538152610441,0.5180722891566265,249
Gemma 2 9B IT,29,0.6829268292682927,Late,0.963855421686747,0.8835341365461847,0.8634538152610441,0.5180722891566265,249
Gemma 2 9B IT,30,0.7073170731707317,Late,0.9718875502008032,0.8835341365461847,0.8714859437751004,0.5180722891566265,249
Gemma 2 9B IT,31,0.7317073170731707,Late,0.9718875502008032,0.8835341365461847,0.8714859437751004,0.5180722891566265,249
Gemma 2 9B IT,32,0.7560975609756098,Late,0.9678714859437751,0.8835341365461847,0.8674698795180723,0.5140562248995983,249
Gemma 2 9B IT,33,0.7804878048780488,Late,0.963855421686747,0.8835341365461847,0.8634538152610441,0.5100401606425703,249
Gemma 2 9B IT,34,0.8048780487804879,Very late,0.9678714859437751,0.8835341365461847,0.8674698795180723,0.5140562248995983,249
Gemma 2 9B IT,35,0.8292682926829268,Very late,0.963855421686747,0.8835341365461847,0.8634538152610441,0.5100401606425703,249
Gemma 2 9B IT,36,0.8536585365853658,Very late,0.963855421686747,0.8835341365461847,0.8634538152610441,0.5100401606425703,249
Gemma 2 9B IT,37,0.8780487804878049,Very late,0.9598393574297188,0.8835341365461847,0.8594377510040161,0.5140562248995983,249
Gemma 2 9B IT,38,0.9024390243902439,Very late,0.963855421686747,0.8835341365461847,0.8634538152610441,0.5100401606425703,249
Gemma 2 9B IT,39,0.926829268292683,Very late,0.963855421686747,0.8835341365461847,0.8634538152610441,0.5100401606425703,249
Gemma 2 9B IT,40,0.9512195121951219,Very late,0.963855421686747,0.8835341365461847,0.8634538152610441,0.5100401606425703,249
Gemma 2 9B IT,41,0.975609756097561,Very late,0.963855421686747,0.8835341365461847,0.8634538152610441,0.5100401606425703,249
Gemma 2 9B IT,42,1.0,Very late,0.963855421686747,0.8835341365461847,0.8634538152610441,0.5100401606425703,249
