dataset,model,threshold_type,threshold,split,accuracy,balanced_accuracy,precision,recall,f1,tn,fp,fn,tp
mixed,deberta-hate-tuned,fixed_0.5,0.5,train,0.7105527638190955,0.7050332233970317,0.9854368932038836,0.415983606557377,0.5850144092219021,504,3,285,203
mixed,deberta-hate-tuned,fixed_0.5,0.5,test,0.6666666666666666,0.6896820246593122,0.981132075471698,0.3880597014925373,0.5561497326203209,114,1,82,52
mixed,deberta-hate-tuned,train_optimized,0.007111604,train,0.8462311557788945,0.8463094545219387,0.8383838383838383,0.8504098360655737,0.844354018311292,427,80,73,415
mixed,deberta-hate-tuned,train_optimized,0.007111604,test,0.8273092369477911,0.8278390655418559,0.8527131782945736,0.8208955223880597,0.8365019011406845,96,19,24,110
mixed,gemma-2-2b,fixed_0.5,0.5,train,0.4854271356783919,0.4943778898696931,0.487551867219917,0.9631147540983608,0.6473829201101928,13,494,18,470
mixed,gemma-2-2b,fixed_0.5,0.5,test,0.5341365461847389,0.4975016223231668,0.5368852459016393,0.9776119402985076,0.6931216931216931,2,113,3,131
mixed,gemma-2-2b,train_optimized,0.6894572,train,0.5105527638190954,0.5010629870339832,0.6666666666666666,0.0040983606557377,0.0081466395112016,506,1,486,2
mixed,gemma-2-2b,train_optimized,0.6894572,test,0.4618473895582329,0.4993835171966256,0.5,0.0074626865671641,0.0147058823529411,114,1,133,1
mixed,gemma-2-2b-it,fixed_0.5,0.5,train,0.4904522613065327,0.5,0.4904522613065327,1.0,0.6581254214430209,0,507,0,488
mixed,gemma-2-2b-it,fixed_0.5,0.5,test,0.5381526104417671,0.5,0.5381526104417671,1.0,0.6997389033942559,0,115,0,134
mixed,gemma-2-2b-it,train_optimized,0.9992046,train,0.893467336683417,0.8931980955152455,0.9012605042016808,0.8790983606557377,0.8900414937759336,460,47,59,429
mixed,gemma-2-2b-it,train_optimized,0.9992046,test,0.8674698795180723,0.8670019467878001,0.8796992481203008,0.8731343283582089,0.8764044943820225,99,16,17,117
mixed,gemma-2-9b-it,fixed_0.5,0.5,train,0.8683417085427135,0.8706550910207909,0.7921440261865794,0.9918032786885246,0.8808007279344859,380,127,4,484
mixed,gemma-2-9b-it,fixed_0.5,0.5,test,0.8714859437751004,0.8608695652173913,0.8072289156626506,1.0,0.8933333333333333,83,32,0,134
mixed,gemma-2-9b-it,train_optimized,0.9971551,train,0.9768844221105528,0.9767799980599476,0.9813664596273292,0.971311475409836,0.976313079299691,498,9,14,474
mixed,gemma-2-9b-it,train_optimized,0.9971551,test,0.9558232931726908,0.9552563270603504,0.9555555555555556,0.9626865671641792,0.9591078066914498,109,6,5,129
not,deberta-hate-tuned,fixed_0.5,0.5,train,0.697,0.6946204557091654,0.9800995024875622,0.3971774193548387,0.5652797704447633,500,4,299,197
not,deberta-hate-tuned,fixed_0.5,0.5,test,0.62,0.6315266833237235,0.9722222222222222,0.2713178294573643,0.4242424242424242,120,1,94,35
not,deberta-hate-tuned,train_optimized,0.0074927662,train,0.819,0.8186123911930363,0.8507795100222717,0.7701612903225806,0.8084656084656084,437,67,114,382
not,deberta-hate-tuned,train_optimized,0.0074927662,test,0.768,0.7700685501954001,0.8198198198198198,0.7054263565891473,0.7583333333333333,101,20,38,91
not,gemma-2-2b,fixed_0.5,0.5,train,0.498,0.5018561187916026,0.4969450101832994,0.9838709677419356,0.6603518267929634,10,494,8,488
not,gemma-2-2b,fixed_0.5,0.5,test,0.512,0.4961240310077519,0.5140562248995983,0.992248062015504,0.6772486772486772,0,121,1,128
not,gemma-2-2b,train_optimized,0.69188744,train,0.507,0.5030401945724526,0.8,0.0080645161290322,0.0159680638722554,503,1,492,4
not,gemma-2-2b,train_optimized,0.69188744,test,0.48,0.4958677685950413,0.0,0.0,0.0,120,1,129,0
not,gemma-2-2b-it,fixed_0.5,0.5,train,0.496,0.5,0.496,1.0,0.6631016042780749,0,504,0,496
not,gemma-2-2b-it,fixed_0.5,0.5,test,0.516,0.5,0.516,1.0,0.6807387862796834,0,121,0,129
not,gemma-2-2b-it,train_optimized,0.99918157,train,0.852,0.8519905273937531,0.8508064516129032,0.8508064516129032,0.8508064516129032,430,74,74,422
not,gemma-2-2b-it,train_optimized,0.99918157,test,0.876,0.8775385995259146,0.9224137931034484,0.8294573643410853,0.8734693877551021,112,9,22,107
not,gemma-2-9b-it,fixed_0.5,0.5,train,0.81,0.8114759344598055,0.7243401759530792,0.995967741935484,0.8387096774193549,316,188,2,494
not,gemma-2-9b-it,fixed_0.5,0.5,test,0.852,0.8476199628419501,0.7839506172839507,0.9844961240310076,0.872852233676976,86,35,2,127
not,gemma-2-9b-it,train_optimized,0.9971551,train,0.961,0.9608774961597542,0.975051975051975,0.9455645161290324,0.9600818833162744,492,12,27,469
not,gemma-2-9b-it,train_optimized,0.9971551,test,0.948,0.948331091037222,0.9603174603174603,0.937984496124031,0.9490196078431372,116,5,8,121
mixed,gemma-2-9b,fixed_0.5,0.5,train,0.521608040201005,0.5123334788372619,0.9285714285714286,0.02663934426229508,0.05179282868525897,506,1,475,13
mixed,gemma-2-9b,fixed_0.5,0.5,test,0.46184738955823296,0.5,0.0,0.0,0.0,115,0,134,0
mixed,gemma-2-9b,train_optimized,0.43782347,train,0.6793969849246231,0.6782625214214117,0.6942528735632184,0.6188524590163934,0.6543878656554712,374,133,186,302
mixed,gemma-2-9b,train_optimized,0.43782347,test,0.7108433734939759,0.7128487994808566,0.7540983606557377,0.6865671641791045,0.71875,85,30,42,92
not,gemma-2-9b,fixed_0.5,0.5,train,0.516,0.5120967741935484,1.0,0.024193548387096774,0.047244094488188976,504,0,484,12
not,gemma-2-9b,fixed_0.5,0.5,test,0.5,0.5155038759689923,1.0,0.031007751937984496,0.06015037593984962,121,0,125,4
not,gemma-2-9b,train_optimized,0.43782347,train,0.727,0.7268145161290323,0.7347368421052631,0.7036290322580645,0.7188465499485067,378,126,147,349
not,gemma-2-9b,train_optimized,0.43782347,test,0.708,0.7091101287718624,0.7372881355932204,0.6744186046511628,0.7044534412955465,90,31,42,87
